timestamp,label,score,layers,syn_count,rst_count,pkt_count,byte_count,pkt_rate,layer_coverage,connect_rate,cookie
10:18:11.158,benign,0.000,XT..,0,0,1,66,0.00,2,0,2
10:18:11.268,benign,0.000,XT..,0,0,3,198,40.07,2,0,2
10:18:11.373,benign,0.000,XT..,0,0,5,330,31.77,2,0,2
10:18:11.609,benign,0.000,XT..,0,0,7,462,16.91,2,0,2
10:18:11.760,benign,0.000,XT..,0,0,9,594,15.69,2,0,2
10:18:11.871,benign,0.000,XT..,0,0,11,726,17.22,2,0,2
10:18:12.060,benign,0.000,XT..,0,0,13,858,15.18,2,0,2
10:18:12.256,benign,0.000,XT..,0,0,15,990,15.23,2,0,2
10:18:12.351,benign,0.000,XT..,0,0,17,1122,14.65,2,0,2
10:18:12.465,benign,0.000,XT..,0,0,19,1254,15.40,2,0,2
10:18:12.630,benign,0.000,XT..,0,0,21,1386,14.60,2,0,2
10:18:12.766,benign,0.000,XT..,0,0,23,1518,14.86,2,0,2
10:18:13.009,benign,0.000,XT..,0,0,25,1650,14.73,2,0,2
10:18:13.176,benign,0.000,XT..,0,0,27,1782,14.08,2,0,2
10:18:13.228,benign,0.000,XT..,0,0,29,1914,13.96,2,0,2
10:18:13.408,benign,0.000,XT..,0,0,31,2046,14.49,2,0,2
10:18:13.592,benign,0.000,XT..,0,0,33,2178,13.79,2,0,2
10:18:13.695,benign,0.000,XT..,0,0,1,66,0.00,2,0,1
10:18:13.711,benign,0.000,XT..,0,0,2,132,346140.53,2,0,4097
10:18:13.772,benign,0.000,XT..,0,0,35,2310,14.17,2,0,2
10:18:13.892,benign,0.000,XT..,0,0,37,2442,13.96,2,0,2
10:18:14.138,benign,0.000,XT..,0,0,39,2574,13.52,2,0,2
10:18:14.211,benign,0.000,XT..,0,0,41,2706,13.49,2,0,2
10:18:14.485,benign,0.000,XT..,0,0,43,2838,13.84,2,0,2
10:18:14.764,benign,0.000,XT..,0,0,45,2970,12.98,2,0,2
10:18:14.821,benign,0.000,XT..,0,0,47,3102,12.91,2,0,2
10:18:15.007,benign,0.000,XT..,0,0,49,3234,13.24,2,0,2
10:18:15.140,benign,0.000,XT..,0,0,51,3366,12.96,2,0,2
10:18:15.221,benign,0.000,XT..,0,0,7,462,4.63,2,0,4097
10:18:15.352,benign,0.000,XT..,0,0,53,3498,13.06,2,0,2
10:18:15.468,benign,0.000,XT..,0,0,55,3630,12.81,2,0,2
10:18:15.695,benign,0.000,XT..,0,0,57,3762,12.81,2,0,2
10:18:15.962,benign,0.000,XT..,0,0,59,3894,12.77,2,0,2
10:18:16.037,benign,0.000,XT..,0,0,61,4026,12.50,2,0,2
10:18:16.102,benign,0.000,XT..,0,0,63,4158,12.77,2,0,2
10:18:16.241,benign,0.000,XT..,0,0,65,4290,12.87,2,0,2
10:18:16.426,benign,0.000,XT..,0,0,67,4422,12.96,2,0,2
10:18:16.639,benign,0.000,XT..,0,0,69,4554,12.66,2,0,2
10:18:16.763,benign,0.000,XT..,0,0,71,4686,12.87,2,0,2
10:18:16.884,benign,0.000,XT..,0,0,73,4818,12.95,2,0,2
10:18:17.062,benign,0.000,XT..,0,0,75,4950,12.76,2,0,2
10:18:17.237,benign,0.000,XT..,0,0,77,5082,12.85,2,0,2
10:18:17.365,benign,0.000,XT..,0,0,79,5214,12.91,2,0,2
10:18:17.580,benign,0.000,XT..,0,0,81,5346,12.70,2,0,2
10:18:17.703,benign,0.000,XT..,0,0,3,198,0.75,2,0,1
10:18:17.764,benign,0.000,XT..,0,0,83,5478,12.78,2,0,2
10:18:17.832,benign,0.000,XT..,0,0,85,5610,12.81,2,0,2
10:18:18.022,benign,0.000,XT..,0,0,87,5742,12.93,2,0,2
10:18:18.045,benign,0.000,XT..,0,0,2,132,1372.11,2,0,4787
10:18:18.129,benign,2.981,XT..,0,0,89,5874,12.85,2,0,2
10:18:18.241,benign,1.692,XT..,0,0,9,594,1.99,2,0,4097
10:18:18.250,benign,2.993,XT..,0,0,91,6006,12.90,2,0,2
10:18:18.467,benign,2.985,XT..,0,0,93,6138,12.97,2,0,2
10:18:18.579,benign,2.991,XT..,0,0,95,6270,12.94,2,0,2
10:18:18.759,benign,2.990,XT..,0,0,97,6402,12.94,2,0,2
10:18:18.952,benign,3.000,XT..,0,0,99,6534,12.87,2,0,2
10:18:19.060,benign,2.999,XT..,0,0,101,6666,12.88,2,0,2
10:18:19.167,benign,2.989,XT..,0,0,103,6798,12.95,2,0,2
10:18:19.302,benign,2.987,XT..,0,0,105,6930,12.97,2,0,2
10:18:19.662,benign,3.019,XT..,0,0,107,7062,12.74,2,0,2
10:18:19.707,benign,1.999,XT..,0,0,5,330,0.83,2,0,1
10:18:19.772,benign,3.029,XT..,0,0,109,7194,12.72,2,0,2
10:18:19.907,benign,3.012,XT..,0,0,111,7326,12.83,2,0,2
10:18:20.018,benign,3.011,XT..,0,0,113,7458,12.84,2,0,2
10:18:20.324,benign,3.042,XT..,0,0,115,7590,12.62,2,0,2
10:18:20.478,benign,3.029,XT..,0,0,117,7722,12.69,2,0,2
10:18:20.650,benign,3.042,XT..,0,0,119,7854,12.60,2,0,2
10:18:20.763,benign,3.034,XT..,0,0,121,7986,12.64,2,0,2
10:18:20.934,benign,3.038,XT..,0,0,123,8118,12.60,2,0,2
10:18:21.013,benign,3.017,XT..,0,0,125,8250,12.74,2,0,2
10:18:21.235,benign,3.020,XT..,0,0,127,8382,12.71,2,0,2
10:18:21.259,benign,1.902,XT..,0,0,11,726,1.46,2,0,4097
10:18:21.464,benign,3.039,XT..,0,0,129,8514,12.62,2,0,2
10:18:21.580,benign,3.043,XT..,0,0,131,8646,12.59,2,0,2
10:18:21.763,benign,3.038,XT..,0,0,133,8778,12.61,2,0,2
10:18:21.866,benign,3.034,XT..,0,0,135,8910,12.63,2,0,2
10:18:22.022,benign,3.029,XT..,0,0,137,9042,12.66,2,0,2
10:18:22.148,benign,3.022,XT..,0,0,139,9174,12.71,2,0,2
10:18:22.251,benign,3.016,XT..,0,0,141,9306,12.75,2,0,2
10:18:22.564,benign,3.029,XT..,0,0,143,9438,12.66,2,0,2
10:18:22.668,benign,3.033,XT..,0,0,145,9570,12.63,2,0,2
10:18:22.775,benign,1.928,XT..,0,0,14,924,1.55,2,0,4097
10:18:22.781,benign,3.033,XT..,0,0,147,9702,12.65,2,0,2
10:18:22.869,benign,3.019,XT..,0,0,149,9834,12.75,2,0,2
10:18:23.158,benign,3.028,XT..,0,0,151,9966,12.69,2,0,2
10:18:23.281,benign,3.032,XT..,0,0,153,10098,12.66,2,0,2
10:18:23.397,benign,3.031,XT..,0,0,155,10230,12.67,2,0,2
10:18:23.583,benign,3.030,XT..,0,0,157,10362,12.67,2,0,2
10:18:23.714,benign,2.144,XT..,0,0,7,462,0.70,2,0,1
10:18:23.762,benign,3.023,XT..,0,0,159,10494,12.73,2,0,2
10:18:23.835,benign,3.024,XT..,0,0,161,10626,12.72,2,0,2
10:18:23.993,benign,3.028,XT..,0,0,163,10758,12.70,2,0,2
10:18:24.078,benign,3.013,XT..,0,0,165,10890,12.81,2,0,2
10:18:24.261,benign,3.018,XT..,0,0,167,11022,12.78,2,0,2
10:18:24.599,benign,3.013,XT..,0,0,169,11154,12.82,2,0,2
10:18:24.767,benign,3.045,XT..,0,0,171,11286,12.60,2,0,2
10:18:24.834,benign,3.032,XT..,0,0,173,11418,12.69,2,0,2
10:18:25.021,benign,3.036,XT..,0,0,175,11550,12.66,2,0,2
10:18:25.201,benign,3.030,XT..,0,0,177,11682,12.70,2,0,2
10:18:25.288,benign,3.031,XT..,0,0,179,11814,12.69,2,0,2
10:18:25.510,benign,3.030,XT..,0,0,181,11946,12.70,2,0,2
10:18:25.629,benign,3.032,XT..,0,0,183,12078,12.68,2,0,2
10:18:25.777,benign,3.038,XT..,0,0,185,12210,12.64,2,0,2
10:18:25.798,benign,1.959,XT..,0,0,20,1320,1.65,2,0,4097
10:18:25.816,benign,3.023,XT..,0,0,187,12342,12.76,2,0,2
10:18:26.146,benign,3.033,XT..,0,0,189,12474,12.70,2,0,2
10:18:26.360,benign,3.041,XT..,0,0,191,12606,12.64,2,0,2
10:18:26.471,benign,3.042,XT..,0,0,193,12738,12.63,2,0,2
10:18:26.772,benign,3.049,XT..,0,0,195,12870,12.58,2,0,2
10:18:26.791,benign,3.047,XT..,0,0,197,13002,12.60,2,0,2
10:18:26.979,benign,3.035,XT..,0,0,199,13134,12.67,2,0,2
10:18:27.092,benign,3.039,XT..,0,0,201,13266,12.64,2,0,2
10:18:27.314,benign,1.943,XT..,0,0,26,1716,1.91,2,0,4097
10:18:27.477,benign,3.041,XT..,0,0,203,13398,12.64,2,0,2
10:18:27.641,benign,3.067,XT..,0,0,205,13530,12.47,2,0,2
10:18:27.722,benign,2.250,XT..,0,0,9,594,0.64,2,0,1
10:18:27.732,benign,3.058,XT..,0,0,207,13662,12.50,2,0,2
10:18:27.803,benign,3.051,XT..,0,0,209,13794,12.55,2,0,2
10:18:28.031,benign,3.048,XT..,0,0,211,13926,12.57,2,0,2
10:18:28.255,benign,3.056,XT..,0,0,213,14058,12.52,2,0,2
10:18:28.430,benign,3.051,XT..,0,0,215,14190,12.55,2,0,2
10:18:28.594,benign,3.063,XT..,0,0,217,14322,12.47,2,0,2
10:18:28.695,benign,3.057,XT..,0,0,219,14454,12.51,2,0,2
10:18:28.721,benign,2.290,XT..,0,0,11,1583,34.10,2,0,4787
10:18:28.727,benign,1.718,XT..,0,0,12,1649,1.12,2,0,4787
10:18:28.864,benign,3.071,XT..,0,0,221,14586,12.53,2,0,2
10:18:29.020,benign,3.067,XT..,0,0,223,14718,12.56,2,0,2
10:18:29.235,benign,3.074,XT..,0,0,225,14850,12.51,2,0,2
10:18:29.472,benign,3.085,XT..,0,0,227,14982,12.43,2,0,2
10:18:29.631,benign,3.086,XT..,0,0,229,15114,12.42,2,0,2
10:18:29.726,benign,2.252,XT..,0,0,11,726,0.69,2,0,1
10:18:29.745,benign,3.074,XT..,0,0,231,15246,12.48,2,0,2
10:18:29.862,benign,3.072,XT..,0,0,233,15378,12.49,2,0,2
10:18:30.020,benign,3.073,XT..,0,0,235,15510,12.48,2,0,2
10:18:30.293,benign,3.068,XT..,0,0,237,15642,12.51,2,0,2
10:18:30.336,benign,2.000,XT..,0,0,28,1848,1.68,2,0,4097
10:18:30.460,benign,3.078,XT..,0,0,239,15774,12.44,2,0,2
10:18:30.623,benign,3.084,XT..,0,0,241,15906,12.40,2,0,2
10:18:30.695,benign,3.078,XT..,0,0,243,16038,12.44,2,0,2
10:18:30.806,benign,3.073,XT..,0,0,245,16170,12.47,2,0,2
10:18:31.154,benign,3.082,XT..,0,0,247,16302,12.41,2,0,2
10:18:31.298,benign,3.082,XT..,0,0,249,16434,12.41,2,0,2
10:18:31.439,benign,3.077,XT..,0,0,251,16566,12.44,2,0,2
10:18:31.580,benign,3.083,XT..,0,0,253,16698,12.39,2,0,2
10:18:31.806,benign,3.090,XT..,0,0,255,16830,12.35,2,0,2
10:18:31.844,benign,2.015,XT..,0,0,31,2046,1.71,2,0,4097
10:18:31.926,benign,3.084,XT..,0,0,257,16962,12.37,2,0,2
10:18:32.167,benign,3.082,XT..,0,0,259,17094,12.39,2,0,2
10:18:32.497,benign,3.088,XT..,0,0,261,17226,12.35,2,0,2
10:18:32.549,benign,3.094,XT..,0,0,263,17358,12.30,2,0,2
10:18:32.710,benign,3.087,XT..,0,0,265,17490,12.35,2,0,2
10:18:32.860,benign,3.089,XT..,0,0,267,17622,12.33,2,0,2
10:18:33.029,benign,3.090,XT..,0,0,269,17754,12.32,2,0,2
10:18:33.190,benign,3.088,XT..,0,0,271,17886,12.33,2,0,2
10:18:33.310,benign,3.084,XT..,0,0,273,18018,12.35,2,0,2
10:18:33.353,benign,2.027,XT..,0,0,34,2244,1.73,2,0,4097
10:18:33.504,benign,3.089,XT..,0,0,275,18150,12.31,2,0,2
10:18:33.692,benign,3.084,XT..,0,0,277,18282,12.34,2,0,2
10:18:33.733,benign,2.289,XT..,0,0,13,858,0.65,2,0,1
10:18:33.801,benign,3.079,XT..,0,0,279,18414,12.35,2,0,2
10:18:34.031,benign,3.081,XT..,0,0,281,18546,12.34,2,0,2
10:18:34.288,benign,3.090,XT..,0,0,283,18678,12.28,2,0,2
10:18:34.402,benign,3.089,XT..,0,0,285,18810,12.28,2,0,2
10:18:34.620,benign,3.086,XT..,0,0,287,18942,12.30,2,0,2
10:18:34.798,benign,3.089,XT..,0,0,289,19074,12.28,2,0,2
10:18:34.862,benign,2.041,XT..,0,0,36,2376,1.70,2,0,4097
10:18:34.928,benign,3.085,XT..,0,0,291,19206,12.29,2,0,2
10:18:35.047,benign,3.083,XT..,0,0,293,19338,12.31,2,0,2
10:18:35.224,benign,3.083,XT..,0,0,295,19470,12.30,2,0,2
10:18:35.431,benign,3.092,XT..,0,0,297,19602,12.25,2,0,2
10:18:35.553,benign,3.087,XT..,0,0,299,19734,12.28,2,0,2
10:18:35.713,benign,3.083,XT..,0,0,301,19866,12.30,2,0,2
10:18:35.869,benign,3.085,XT..,0,0,303,19998,12.29,2,0,2
10:18:36.092,benign,3.091,XT..,0,0,305,20130,12.25,2,0,2
10:18:36.205,benign,3.088,XT..,0,0,307,20262,12.27,2,0,2
10:18:36.312,benign,3.082,XT..,0,0,309,20394,12.30,2,0,2
10:18:36.485,benign,3.080,XT..,0,0,311,20526,12.31,2,0,2
10:18:36.803,benign,3.082,XT..,0,0,313,20658,12.30,2,0,2
10:18:36.930,benign,3.087,XT..,0,0,315,20790,12.26,2,0,2
10:18:37.203,benign,3.091,XT..,0,0,317,20922,12.24,2,0,2
10:18:37.357,benign,3.099,XT..,0,0,319,21054,12.18,2,0,2
10:18:37.538,benign,3.094,XT..,0,0,321,21186,12.21,2,0,2
10:18:37.740,benign,2.347,XT..,0,0,16,1056,0.67,2,0,1
10:18:37.758,benign,3.094,XT..,0,0,323,21318,12.19,2,0,2
10:18:37.883,benign,2.093,XT..,0,0,39,2574,1.61,2,0,4097
10:18:37.919,benign,3.091,XT..,0,0,325,21450,12.19,2,0,2
10:18:38.275,benign,3.096,XT..,0,0,327,21582,12.16,2,0,2
10:18:38.406,benign,3.104,XT..,0,0,329,21714,12.11,2,0,2
10:18:38.592,benign,3.106,XT..,0,0,331,21846,12.09,2,0,2
10:18:38.762,benign,3.103,XT..,0,0,333,21978,12.11,2,0,2
10:18:39.015,benign,3.103,XT..,0,0,335,22110,12.10,2,0,2
10:18:39.034,benign,1.585,XT..,0,0,22,3166,2.00,2,0,4787
10:18:39.040,benign,1.811,XT..,0,0,24,3298,1.14,2,0,4787
10:18:39.192,benign,3.120,XT..,0,0,337,22242,12.06,2,0,2
10:18:39.262,benign,3.120,XT..,0,0,339,22374,12.06,2,0,2
10:18:39.295,benign,1.619,XT..,0,0,36,4947,1.69,2,0,4787
10:18:39.310,benign,3.113,XT..,0,0,341,22506,12.12,2,0,2
10:18:39.539,benign,3.112,XT..,0,0,343,22638,12.12,2,0,2
10:18:39.827,benign,3.117,XT..,0,0,345,22770,12.09,2,0,2
10:18:39.878,benign,3.117,XT..,0,0,347,22902,12.09,2,0,2
10:18:40.063,benign,3.112,XT..,0,0,349,23034,12.12,2,0,2
10:18:40.237,benign,3.117,XT..,0,0,351,23166,12.08,2,0,2
10:18:40.450,benign,3.110,XT..,0,0,353,23298,12.12,2,0,2
10:18:40.564,benign,3.114,XT..,0,0,355,23430,12.10,2,0,2
10:18:40.809,benign,3.112,XT..,0,0,357,23562,12.11,2,0,2
10:18:40.901,benign,2.128,XT..,0,0,42,2772,1.54,2,0,4097
10:18:40.918,benign,3.111,XT..,0,0,359,23694,12.09,2,0,2
10:18:41.106,benign,3.114,XT..,0,0,361,23826,12.08,2,0,2
10:18:41.197,benign,3.111,XT..,0,0,363,23958,12.09,2,0,2
10:18:41.262,benign,3.103,XT..,0,0,365,24090,12.14,2,0,2
10:18:41.481,benign,3.103,XT..,0,0,367,24222,12.14,2,0,2
10:18:41.707,benign,3.106,XT..,0,0,369,24354,12.11,2,0,2
10:18:41.746,benign,2.345,XT..,0,0,18,1188,0.64,2,0,1
10:18:41.880,benign,3.105,XT..,0,0,371,24486,12.10,2,0,2
10:18:42.055,benign,3.107,XT..,0,0,373,24618,12.09,2,0,2
10:18:42.157,benign,3.104,XT..,0,0,375,24750,12.10,2,0,2
10:18:42.303,benign,3.101,XT..,0,0,377,24882,12.12,2,0,2
10:18:42.366,benign,3.105,XT..,0,0,380,25080,12.19,2,0,2
10:18:42.610,benign,3.109,XT..,0,0,382,25212,12.16,2,0,2
10:18:42.809,benign,3.106,XT..,0,0,384,25344,12.18,2,0,2
10:18:42.928,benign,3.105,XT..,0,0,386,25476,12.18,2,0,2
10:18:43.118,benign,3.108,XT..,0,0,388,25608,12.16,2,0,2
10:18:43.303,benign,3.109,XT..,0,0,390,25740,12.15,2,0,2
10:18:43.535,benign,3.110,XT..,0,0,392,25872,12.14,2,0,2
10:18:43.676,benign,3.107,XT..,0,0,394,26004,12.15,2,0,2
10:18:43.750,benign,2.351,XT..,0,0,20,1320,0.67,2,0,1
10:18:43.831,benign,3.109,XT..,0,0,396,26136,12.12,2,0,2
10:18:43.919,benign,2.129,XT..,0,0,45,2970,1.49,2,0,4097
10:18:44.064,benign,3.108,XT..,0,0,398,26268,12.11,2,0,2
10:18:44.128,benign,3.103,XT..,0,0,400,26400,12.14,2,0,2
10:18:44.234,benign,3.097,XT..,0,0,402,26532,12.18,2,0,2
10:18:44.361,benign,3.096,XT..,0,0,404,26664,12.18,2,0,2
10:18:44.613,benign,3.097,XT..,0,0,406,26796,12.18,2,0,2
10:18:44.750,benign,3.102,XT..,0,0,408,26928,12.15,2,0,2
10:18:44.848,benign,3.098,XT..,0,0,410,27060,12.17,2,0,2
10:18:45.022,benign,3.096,XT..,0,0,412,27192,12.18,2,0,2
10:18:45.079,benign,3.091,XT..,0,0,414,27324,12.21,2,0,2
10:18:45.359,benign,3.091,XT..,0,0,416,27456,12.21,2,0,2
10:18:45.429,benign,2.125,XT..,0,0,48,3168,1.51,2,0,4097
10:18:45.571,benign,3.093,XT..,0,0,418,27588,12.18,2,0,2
10:18:45.816,benign,3.097,XT..,0,0,420,27720,12.16,2,0,2
10:18:45.939,benign,3.096,XT..,0,0,422,27852,12.16,2,0,2
10:18:46.009,benign,3.095,XT..,0,0,424,27984,12.17,2,0,2
10:18:46.186,benign,3.091,XT..,0,0,426,28116,12.19,2,0,2
10:18:46.432,benign,3.095,XT..,0,0,428,28248,12.17,2,0,2
10:18:46.571,benign,3.098,XT..,0,0,430,28380,12.15,2,0,2
10:18:46.653,benign,3.093,XT..,0,0,432,28512,12.18,2,0,2
10:18:46.883,benign,3.095,XT..,0,0,434,28644,12.16,2,0,2
10:18:47.016,benign,3.094,XT..,0,0,436,28776,12.17,2,0,2
10:18:47.173,benign,3.094,XT..,0,0,438,28908,12.17,2,0,2
10:18:47.378,benign,3.091,XT..,0,0,440,29040,12.18,2,0,2
10:18:47.620,benign,3.099,XT..,0,0,442,29172,12.13,2,0,2
10:18:47.757,benign,2.371,XT..,0,0,22,1452,0.65,2,0,1
10:18:47.783,benign,3.097,XT..,0,0,444,29304,12.13,2,0,2
10:18:47.850,benign,3.093,XT..,0,0,446,29436,12.15,2,0,2
10:18:48.001,benign,3.089,XT..,0,0,448,29568,12.18,2,0,2
10:18:48.132,benign,3.087,XT..,0,0,450,29700,12.19,2,0,2
10:18:48.371,benign,3.088,XT..,0,0,452,29832,12.18,2,0,2
10:18:48.447,benign,2.143,XT..,0,0,52,3432,1.50,2,0,4097
10:18:48.481,benign,3.085,XT..,0,0,454,29964,12.19,2,0,2
10:18:48.702,benign,3.088,XT..,0,0,456,30096,12.17,2,0,2
10:18:48.835,benign,3.091,XT..,0,0,458,30228,12.16,2,0,2
10:18:48.991,benign,3.086,XT..,0,0,460,30360,12.18,2,0,2
10:18:49.068,benign,3.084,XT..,0,0,462,30492,12.20,2,0,2
10:18:49.238,benign,3.084,XT..,0,0,464,30624,12.19,2,0,2
10:18:49.426,benign,3.082,XT..,0,0,466,30756,12.21,2,0,2
10:18:49.591,benign,3.085,XT..,0,0,468,30888,12.19,2,0,2
10:18:49.760,benign,2.359,XT..,0,0,24,1584,0.67,2,0,1
10:18:49.774,benign,1.503,XT..,0,0,36,4947,1.69,2,0,4787
10:18:49.824,benign,3.084,XT..,0,0,470,31020,12.22,2,0,2
10:18:49.856,benign,3.087,XT..,0,0,472,31152,12.19,2,0,2
10:18:49.956,benign,2.131,XT..,0,0,54,3564,1.49,2,0,4097
10:18:50.005,benign,3.080,XT..,0,0,474,31284,12.23,2,0,2
10:18:50.046,benign,1.747,XT..,0,0,47,6529,1.47,2,0,4787
10:18:50.113,benign,3.082,XT..,0,0,476,31416,12.23,2,0,2
10:18:50.277,benign,3.082,XT..,0,0,478,31548,12.23,2,0,2
10:18:50.603,benign,3.088,XT..,0,0,480,31680,12.20,2,0,2
10:18:50.823,benign,3.091,XT..,0,0,482,31812,12.18,2,0,2
10:18:51.012,benign,3.097,XT..,0,0,485,32010,12.22,2,0,2
10:18:51.340,benign,3.107,XT..,0,0,487,32142,12.15,2,0,2
10:18:51.451,benign,3.109,XT..,0,0,489,32274,12.14,2,0,2
10:18:51.466,benign,2.142,XT..,0,0,56,3696,1.48,2,0,4097
10:18:51.681,benign,3.106,XT..,0,0,491,32406,12.14,2,0,2
10:18:51.842,benign,3.108,XT..,0,0,493,32538,12.13,2,0,2
10:18:52.025,benign,3.109,XT..,0,0,495,32670,12.12,2,0,2
10:18:52.082,benign,3.105,XT..,0,0,497,32802,12.15,2,0,2
10:18:52.255,benign,3.104,XT..,0,0,499,32934,12.15,2,0,2
10:18:52.422,benign,3.101,XT..,0,0,501,33066,12.17,2,0,2
10:18:52.639,benign,3.106,XT..,0,0,503,33198,12.14,2,0,2
10:18:52.750,benign,3.102,XT..,0,0,505,33330,12.16,2,0,2
10:18:52.831,benign,3.098,XT..,0,0,507,33462,12.18,2,0,2
10:18:52.982,benign,2.151,XT..,0,0,58,3828,1.48,2,0,4097
10:18:53.006,benign,3.096,XT..,0,0,509,33594,12.19,2,0,2
10:18:53.119,benign,3.096,XT..,0,0,511,33726,12.19,2,0,2
10:18:53.267,benign,3.096,XT..,0,0,513,33858,12.19,2,0,2
10:18:53.506,benign,3.096,XT..,0,0,515,33990,12.19,2,0,2
10:18:53.619,benign,3.096,XT..,0,0,517,34122,12.19,2,0,2
10:18:53.727,benign,3.096,XT..,0,0,519,34254,12.19,2,0,2
10:18:53.767,benign,2.354,XT..,0,0,26,1716,0.65,2,0,1
10:18:53.849,benign,3.091,XT..,0,0,521,34386,12.20,2,0,2
10:18:54.061,benign,3.086,XT..,0,0,523,34518,12.24,2,0,2
10:18:54.228,benign,3.090,XT..,0,0,525,34650,12.22,2,0,2
10:18:54.337,benign,3.090,XT..,0,0,527,34782,12.21,2,0,2
10:18:54.482,benign,3.090,XT..,0,0,529,34914,12.21,2,0,2
10:18:54.493,benign,2.138,XT..,0,0,60,3960,1.47,2,0,4097
10:18:54.628,benign,3.087,XT..,0,0,531,35046,12.23,2,0,2
10:18:54.793,benign,3.084,XT..,0,0,533,35178,12.24,2,0,2
10:18:54.953,benign,3.085,XT..,0,0,535,35310,12.24,2,0,2
10:18:55.063,benign,3.085,XT..,0,0,537,35442,12.24,2,0,2
10:18:55.184,benign,3.082,XT..,0,0,539,35574,12.26,2,0,2
10:18:55.293,benign,3.081,XT..,0,0,541,35706,12.27,2,0,2
10:18:55.571,benign,3.086,XT..,0,0,543,35838,12.24,2,0,2
10:18:55.679,benign,3.085,XT..,0,0,545,35970,12.25,2,0,2
10:18:55.794,benign,3.081,XT..,0,0,547,36102,12.28,2,0,2
10:18:55.903,benign,3.080,XT..,0,0,549,36234,12.28,2,0,2
10:18:56.005,benign,2.144,XT..,0,0,62,4092,1.47,2,0,4097
10:18:56.070,benign,3.079,XT..,0,0,551,36366,12.28,2,0,2
10:18:56.282,benign,3.082,XT..,0,0,553,36498,12.26,2,0,2
10:18:56.396,benign,3.078,XT..,0,0,555,36630,12.29,2,0,2
10:18:56.598,benign,3.080,XT..,0,0,557,36762,12.28,2,0,2
10:18:56.725,benign,3.078,XT..,0,0,559,36894,12.29,2,0,2
10:18:56.917,benign,3.081,XT..,0,0,561,37026,12.28,2,0,2
10:18:57.030,benign,3.079,XT..,0,0,563,37158,12.29,2,0,2
10:18:57.193,benign,3.078,XT..,0,0,565,37290,12.30,2,0,2
10:18:57.360,benign,3.078,XT..,0,0,567,37422,12.30,2,0,2
10:18:57.515,benign,2.149,XT..,0,0,65,4290,1.48,2,0,4097
10:18:57.528,benign,3.079,XT..,0,0,569,37554,12.28,2,0,2
10:18:57.580,benign,3.076,XT..,0,0,571,37686,12.30,2,0,2
10:18:57.773,benign,2.357,XT..,0,0,28,1848,0.64,2,0,1
10:18:57.802,benign,3.074,XT..,0,0,573,37818,12.31,2,0,2
10:18:57.914,benign,3.074,XT..,0,0,575,37950,12.31,2,0,2
10:18:59.210,portscan,0.000,XT..,0,0,1,66,0.00,2,0,2
10:18:59.362,portscan,0.000,XT..,0,0,3,198,29.96,2,0,2
10:18:59.494,portscan,0.000,XT..,0,0,5,330,22.45,2,0,2
10:18:59.550,portscan,0.000,XT..,0,0,7,462,20.95,2,0,2
10:18:59.849,portscan,0.000,XT..,0,0,9,594,20.14,2,0,2
10:18:59.961,portscan,0.000,XT..,0,0,11,726,15.55,2,0,2
10:19:00.022,portscan,0.000,XT..,0,0,13,858,15.79,2,0,2
10:19:00.057,portscan,0.000,XT..,0,0,4,264,3218.32,2,0,4787
10:19:00.198,portscan,0.000,XT..,0,0,15,990,16.33,2,0,2
10:19:00.358,portscan,0.000,XT..,0,0,17,1122,15.58,2,0,2
10:19:00.597,portscan,0.000,XT..,0,0,19,1254,14.75,2,0,2
10:19:00.849,portscan,0.000,XT..,0,0,21,1386,13.51,2,0,2
10:19:00.913,portscan,0.000,XT..,0,0,23,1518,13.49,2,0,2
10:19:01.072,portscan,0.000,XT..,0,0,25,1650,13.41,2,0,2
10:19:01.246,portscan,0.000,XT..,0,0,27,1782,13.28,2,0,2
10:19:01.410,portscan,0.000,XT..,0,0,29,1914,13.47,2,0,2
10:19:01.530,portscan,0.000,XT..,0,0,31,2046,13.71,2,0,2
10:19:01.640,portscan,0.000,XT..,0,0,33,2178,13.62,2,0,2
10:19:01.781,portscan,0.000,XT..,0,0,1,66,0.00,2,0,1
10:19:01.806,portscan,0.000,XT..,0,0,35,2310,13.51,2,0,2
10:19:02.040,portscan,0.000,XT..,0,0,37,2442,13.72,2,0,2
10:19:02.050,portscan,0.000,XT..,0,0,1,66,0.00,2,0,4097
10:19:02.251,portscan,0.000,XT..,0,0,39,2574,13.08,2,0,2
10:19:02.407,portscan,0.000,XT..,0,0,42,2772,13.08,2,0,2
10:19:02.594,portscan,0.000,XT..,0,0,44,2904,13.23,2,0,2
10:19:02.859,portscan,0.000,XT..,0,0,46,3036,12.77,2,0,2
10:19:02.983,portscan,0.000,XT..,0,0,48,3168,12.92,2,0,2
10:19:03.033,portscan,0.000,XT..,0,0,50,3300,12.97,2,0,2
10:19:03.193,portscan,0.000,XT..,0,0,52,3432,13.23,2,0,2
10:19:03.334,portscan,0.000,XT..,0,0,54,3564,13.18,2,0,2
10:19:03.560,portscan,0.000,XT..,0,0,4,264,2.64,2,0,4097
10:19:03.587,portscan,0.000,XT..,0,0,56,3696,12.97,2,0,2
10:19:03.708,portscan,0.000,XT..,0,0,58,3828,12.98,2,0,2
10:19:03.868,portscan,0.000,XT..,0,0,60,3960,12.89,2,0,2
10:19:04.036,portscan,0.000,XT..,0,0,62,4092,13.01,2,0,2
10:19:04.239,portscan,0.000,XT..,0,0,64,4224,12.81,2,0,2
10:19:04.296,portscan,0.000,XT..,0,0,66,4356,12.95,2,0,2
10:19:04.426,portscan,0.000,XT..,0,0,68,4488,13.18,2,0,2
10:19:04.585,portscan,0.000,XT..,0,0,70,4620,13.04,2,0,2
10:19:04.872,portscan,0.000,XT..,0,0,72,4752,13.14,2,0,2
10:19:05.005,portscan,0.000,XT..,0,0,74,4884,12.93,2,0,2
10:19:05.072,portscan,0.000,XT..,0,0,6,396,1.99,2,0,4097
10:19:05.115,portscan,0.000,XT..,0,0,76,5016,12.88,2,0,2
10:19:05.257,portscan,0.000,XT..,0,0,78,5148,12.84,2,0,2
10:19:05.478,portscan,0.000,XT..,0,0,80,5280,12.83,2,0,2
10:19:05.651,portscan,0.000,XT..,0,0,82,5412,12.77,2,0,2
10:19:05.788,portscan,0.000,XT..,0,0,3,198,0.75,2,0,1
10:19:05.860,portscan,0.000,XT..,0,0,84,5544,12.73,2,0,2
10:19:05.988,portscan,0.000,XT..,0,0,86,5676,12.80,2,0,2
10:19:06.084,portscan,3.011,XT..,0,0,88,5808,12.77,2,0,2
10:19:06.216,portscan,2.987,XT..,0,0,90,5940,12.93,2,0,2
10:19:06.352,portscan,2.990,XT..,0,0,92,6072,12.91,2,0,2
10:19:06.577,portscan,2.996,XT..,0,0,94,6204,12.85,2,0,2
10:19:06.689,portscan,2.998,XT..,0,0,96,6336,12.83,2,0,2
10:19:06.809,portscan,2.976,XT..,0,0,98,6468,12.99,2,0,2
10:19:07.044,portscan,2.976,XT..,0,0,100,6600,12.99,2,0,2
10:19:07.176,portscan,3.006,XT..,0,0,102,6732,12.76,2,0,2
10:19:07.292,portscan,2.982,XT..,0,0,104,6864,12.93,2,0,2
10:19:07.447,portscan,2.976,XT..,0,0,106,6996,12.98,2,0,2
10:19:07.795,portscan,2.991,XT..,0,0,108,7128,12.86,2,0,2
10:19:07.903,portscan,3.020,XT..,0,0,110,7260,12.65,2,0,2
10:19:08.032,portscan,2.999,XT..,0,0,112,7392,12.78,2,0,2
10:19:08.092,portscan,1.798,XT..,0,0,10,660,1.65,2,0,4097
10:19:08.152,portscan,3.022,XT..,0,0,114,7524,12.70,2,0,2
10:19:08.509,portscan,3.017,XT..,0,0,116,7656,12.72,2,0,2
10:19:08.593,portscan,3.034,XT..,0,0,118,7788,12.60,2,0,2
10:19:08.860,portscan,3.046,XT..,0,0,120,7920,12.50,2,0,2
10:19:08.992,portscan,3.039,XT..,0,0,122,8052,12.52,2,0,2
10:19:09.102,portscan,3.032,XT..,0,0,124,8184,12.55,2,0,2
10:19:09.218,portscan,3.017,XT..,0,0,126,8316,12.64,2,0,2
10:19:09.463,portscan,3.026,XT..,0,0,128,8448,12.57,2,0,2
10:19:09.601,portscan,1.867,XT..,0,0,12,792,1.59,2,0,4097
10:19:09.717,portscan,3.044,XT..,0,0,130,8580,12.49,2,0,2
10:19:09.794,portscan,2.103,XT..,0,0,5,330,0.62,2,0,1
10:19:09.868,portscan,3.046,XT..,0,0,132,8712,12.48,2,0,2
10:19:10.042,portscan,3.051,XT..,0,0,134,8844,12.44,2,0,2
10:19:10.165,portscan,3.044,XT..,0,0,136,8976,12.48,2,0,2
10:19:10.351,portscan,3.052,XT..,0,0,138,9108,12.42,2,0,2
10:19:10.611,portscan,3.052,XT..,0,0,140,9240,12.41,2,0,2
10:19:10.791,portscan,3.062,XT..,0,0,142,9372,12.33,2,0,2
10:19:10.810,portscan,2.023,XT..,0,0,13,1715,44.12,2,0,4787
10:19:10.815,portscan,2.001,XT..,0,0,18,2045,1.67,2,0,4787
10:19:10.881,portscan,3.076,XT..,0,0,144,9504,12.30,2,0,2
10:19:11.018,portscan,3.065,XT..,0,0,146,9636,12.37,2,0,2
10:19:11.111,portscan,1.853,XT..,0,0,14,924,1.54,2,0,4097
10:19:11.142,portscan,3.056,XT..,0,0,148,9768,12.46,2,0,2
10:19:11.376,portscan,3.065,XT..,0,0,150,9900,12.40,2,0,2
10:19:11.542,portscan,3.074,XT..,0,0,152,10032,12.34,2,0,2
10:19:11.594,portscan,3.064,XT..,0,0,154,10164,12.40,2,0,2
10:19:11.876,portscan,3.066,XT..,0,0,156,10296,12.38,2,0,2
10:19:11.982,portscan,3.062,XT..,0,0,158,10428,12.41,2,0,2
10:19:12.083,portscan,3.058,XT..,0,0,160,10560,12.43,2,0,2
10:19:12.239,portscan,3.057,XT..,0,0,162,10692,12.44,2,0,2
10:19:12.370,portscan,3.051,XT..,0,0,164,10824,12.47,2,0,2
10:19:12.594,portscan,3.051,XT..,0,0,166,10956,12.47,2,0,2
10:19:12.621,portscan,1.896,XT..,0,0,16,1056,1.51,2,0,4097
10:19:12.868,portscan,3.080,XT..,0,0,168,11088,12.30,2,0,2
10:19:13.060,portscan,3.095,XT..,0,0,171,11286,12.41,2,0,2
10:19:13.235,portscan,3.104,XT..,0,0,173,11418,12.34,2,0,2
10:19:13.402,portscan,3.096,XT..,0,0,175,11550,12.37,2,0,2
10:19:13.644,portscan,3.104,XT..,0,0,177,11682,12.31,2,0,2
10:19:13.801,portscan,2.196,XT..,0,0,7,462,0.58,2,0,1
10:19:13.867,portscan,3.109,XT..,0,0,179,11814,12.25,2,0,2
10:19:13.908,portscan,3.103,XT..,0,0,181,11946,12.28,2,0,2
10:19:14.021,portscan,3.093,XT..,0,0,183,12078,12.33,2,0,2
10:19:14.131,portscan,1.901,XT..,0,0,19,1254,1.57,2,0,4097
10:19:14.381,portscan,3.107,XT..,0,0,185,12210,12.24,2,0,2
10:19:14.598,portscan,3.112,XT..,0,0,187,12342,12.20,2,0,2
10:19:14.712,portscan,3.107,XT..,0,0,189,12474,12.22,2,0,2
10:19:15.006,portscan,3.134,XT..,0,0,192,12672,12.22,2,0,2
10:19:15.113,portscan,3.133,XT..,0,0,194,12804,12.20,2,0,2
10:19:15.347,portscan,3.131,XT..,0,0,196,12936,12.20,2,0,2
10:19:15.551,portscan,3.135,XT..,0,0,198,13068,12.15,2,0,2
10:19:15.641,portscan,1.941,XT..,0,0,22,1452,1.62,2,0,4097
10:19:15.869,portscan,3.139,XT..,0,0,200,13200,12.11,2,0,2
10:19:15.887,portscan,3.141,XT..,0,0,202,13332,12.08,2,0,2
10:19:16.058,portscan,3.127,XT..,0,0,204,13464,12.15,2,0,2
10:19:16.280,portscan,3.131,XT..,0,0,206,13596,12.11,2,0,2
10:19:16.482,portscan,3.135,XT..,0,0,208,13728,12.07,2,0,2
10:19:16.616,portscan,3.132,XT..,0,0,210,13860,12.07,2,0,2
10:19:16.780,portscan,3.124,XT..,0,0,212,13992,12.11,2,0,2
10:19:16.889,portscan,3.142,XT..,0,0,215,14190,12.14,2,0,2
10:19:17.084,portscan,3.141,XT..,0,0,217,14322,12.12,2,0,2
10:19:17.150,portscan,1.951,XT..,0,0,25,1650,1.66,2,0,4097
10:19:17.232,portscan,3.127,XT..,0,0,219,14454,12.19,2,0,2
10:19:17.506,portscan,3.136,XT..,0,0,221,14586,12.12,2,0,2
10:19:17.615,portscan,3.133,XT..,0,0,223,14718,12.12,2,0,2
10:19:17.809,portscan,2.255,XT..,0,0,9,594,0.56,2,0,1
10:19:17.873,portscan,3.124,XT..,0,0,225,14850,12.14,2,0,2
10:19:17.983,portscan,3.141,XT..,0,0,228,15048,12.17,2,0,2
10:19:18.097,portscan,3.137,XT..,0,0,230,15180,12.18,2,0,2
10:19:18.262,portscan,3.134,XT..,0,0,232,15312,12.18,2,0,2
10:19:18.319,portscan,3.124,XT..,0,0,234,15444,12.23,2,0,2
10:19:18.660,portscan,1.952,XT..,0,0,28,1848,1.69,2,0,4097
10:19:18.705,portscan,3.135,XT..,0,0,236,15576,12.14,2,0,2
10:19:18.878,portscan,3.138,XT..,0,0,238,15708,12.11,2,0,2
10:19:18.914,portscan,3.127,XT..,0,0,240,15840,12.16,2,0,2
10:19:19.054,portscan,3.113,XT..,0,0,242,15972,12.24,2,0,2
10:19:19.273,portscan,3.123,XT..,0,0,244,16104,12.16,2,0,2
10:19:19.509,portscan,3.125,XT..,0,0,246,16236,12.13,2,0,2
10:19:19.668,portscan,3.118,XT..,0,0,248,16368,12.16,2,0,2
10:19:19.880,portscan,3.122,XT..,0,0,250,16500,12.13,2,0,2
10:19:20.004,portscan,3.115,XT..,0,0,252,16632,12.16,2,0,2
10:19:20.112,portscan,3.113,XT..,0,0,254,16764,12.16,2,0,2
10:19:20.169,portscan,1.941,XT..,0,0,32,2112,1.77,2,0,4097
10:19:20.296,portscan,3.113,XT..,0,0,256,16896,12.15,2,0,2
10:19:20.515,portscan,3.107,XT..,0,0,258,17028,12.18,2,0,2
10:19:20.716,portscan,3.115,XT..,0,0,260,17160,12.11,2,0,2
10:19:20.880,portscan,3.109,XT..,0,0,262,17292,12.14,2,0,2
10:19:20.899,portscan,3.106,XT..,0,0,264,17424,12.15,2,0,2
10:19:21.119,portscan,3.101,XT..,0,0,266,17556,12.17,2,0,2
10:19:21.174,portscan,1.333,XT..,0,0,27,3497,2.43,2,0,4787
10:19:21.179,portscan,2.088,XT..,0,0,29,3629,1.37,2,0,4787
10:19:21.329,portscan,3.113,XT..,0,0,268,17688,12.13,2,0,2
10:19:21.419,portscan,1.950,XT..,0,0,38,5080,1.78,2,0,4787
10:19:21.582,portscan,3.114,XT..,0,0,270,17820,12.10,2,0,2
10:19:21.678,portscan,1.918,XT..,0,0,36,2376,1.83,2,0,4097
10:19:21.801,portscan,3.118,XT..,0,0,272,17952,12.07,2,0,2
10:19:21.817,portscan,2.246,XT..,0,0,11,726,0.55,2,0,1
10:19:21.890,portscan,3.113,XT..,0,0,274,18084,12.08,2,0,2
10:19:21.957,portscan,3.107,XT..,0,0,276,18216,12.12,2,0,2
10:19:22.171,portscan,3.104,XT..,0,0,278,18348,12.14,2,0,2
10:19:22.393,portscan,3.107,XT..,0,0,280,18480,12.11,2,0,2
10:19:22.560,portscan,3.114,XT..,0,0,282,18612,12.06,2,0,2
10:19:22.673,portscan,3.107,XT..,0,0,284,18744,12.11,2,0,2
10:19:22.888,portscan,3.108,XT..,0,0,286,18876,12.10,2,0,2
10:19:23.002,portscan,3.102,XT..,0,0,288,19008,12.13,2,0,2
10:19:23.125,portscan,3.101,XT..,0,0,290,19140,12.13,2,0,2
10:19:23.186,portscan,1.912,XT..,0,0,39,2574,1.84,2,0,4097
10:19:23.234,portscan,3.095,XT..,0,0,292,19272,12.18,2,0,2
10:19:23.564,portscan,3.101,XT..,0,0,294,19404,12.13,2,0,2
10:19:23.730,portscan,3.105,XT..,0,0,296,19536,12.10,2,0,2
10:19:23.763,portscan,3.102,XT..,0,0,298,19668,12.12,2,0,2
10:19:23.894,portscan,3.096,XT..,0,0,300,19800,12.16,2,0,2
10:19:24.019,portscan,3.092,XT..,0,0,302,19932,12.18,2,0,2
10:19:24.256,portscan,3.088,XT..,0,0,304,20064,12.20,2,0,2
10:19:24.352,portscan,3.094,XT..,0,0,306,20196,12.16,2,0,2
10:19:24.593,portscan,3.090,XT..,0,0,308,20328,12.19,2,0,2
10:19:24.695,portscan,1.944,XT..,0,0,41,2706,1.81,2,0,4097
10:19:24.725,portscan,3.098,XT..,0,0,310,20460,12.14,2,0,2
10:19:24.897,portscan,3.094,XT..,0,0,312,20592,12.16,2,0,2
10:19:25.018,portscan,3.092,XT..,0,0,314,20724,12.17,2,0,2
10:19:25.189,portscan,3.088,XT..,0,0,316,20856,12.20,2,0,2
10:19:25.308,portscan,3.089,XT..,0,0,318,20988,12.19,2,0,2
10:19:25.531,portscan,3.090,XT..,0,0,320,21120,12.19,2,0,2
10:19:25.587,portscan,3.088,XT..,0,0,322,21252,12.19,2,0,2
10:19:25.754,portscan,3.085,XT..,0,0,324,21384,12.21,2,0,2
10:19:25.824,portscan,2.280,XT..,0,0,13,858,0.54,2,0,1
10:19:25.913,portscan,3.086,XT..,0,0,326,21516,12.19,2,0,2
10:19:26.144,portscan,3.083,XT..,0,0,328,21648,12.21,2,0,2
10:19:26.258,portscan,3.083,XT..,0,0,330,21780,12.21,2,0,2
10:19:26.589,portscan,3.092,XT..,0,0,332,21912,12.15,2,0,2
10:19:26.731,portscan,3.093,XT..,0,0,334,22044,12.15,2,0,2
10:19:26.908,portscan,3.091,XT..,0,0,336,22176,12.16,2,0,2
10:19:26.973,portscan,3.089,XT..,0,0,338,22308,12.17,2,0,2
10:19:27.200,portscan,3.084,XT..,0,0,340,22440,12.20,2,0,2
10:19:27.389,portscan,3.096,XT..,0,0,342,22572,12.13,2,0,2
10:19:27.540,portscan,3.092,XT..,0,0,344,22704,12.15,2,0,2
10:19:27.618,portscan,3.089,XT..,0,0,346,22836,12.17,2,0,2
10:19:27.715,portscan,1.986,XT..,0,0,45,2970,1.75,2,0,4097
10:19:27.827,portscan,2.292,XT..,0,0,15,990,0.58,2,0,1
10:19:27.906,portscan,3.083,XT..,0,0,348,22968,12.19,2,0,2
10:19:28.002,portscan,3.086,XT..,0,0,350,23100,12.17,2,0,2
10:19:28.080,portscan,3.082,XT..,0,0,352,23232,12.20,2,0,2
10:19:28.250,portscan,3.083,XT..,0,0,354,23364,12.19,2,0,2
10:19:28.415,portscan,3.079,XT..,0,0,356,23496,12.22,2,0,2
10:19:28.602,portscan,3.097,XT..,0,0,359,23694,12.20,2,0,2
10:19:28.755,portscan,3.090,XT..,0,0,361,23826,12.24,2,0,2
10:19:28.917,portscan,3.096,XT..,0,0,363,23958,12.21,2,0,2
10:19:29.140,portscan,3.093,XT..,0,0,365,24090,12.22,2,0,2
10:19:29.225,portscan,1.996,XT..,0,0,47,3102,1.73,2,0,4097
10:19:29.244,portscan,3.094,XT..,0,0,367,24222,12.21,2,0,2
10:19:29.492,portscan,3.094,XT..,0,0,369,24354,12.21,2,0,2
10:19:29.556,portscan,3.094,XT..,0,0,371,24486,12.21,2,0,2
10:19:29.727,portscan,3.087,XT..,0,0,373,24618,12.25,2,0,2
10:19:29.846,portscan,3.090,XT..,0,0,375,24750,12.24,2,0,2
10:19:30.031,portscan,3.086,XT..,0,0,377,24882,12.26,2,0,2
10:19:30.206,portscan,3.088,XT..,0,0,379,25014,12.25,2,0,2
10:19:30.364,portscan,3.087,XT..,0,0,381,25146,12.25,2,0,2
10:19:30.430,portscan,3.087,XT..,0,0,383,25278,12.25,2,0,2
10:19:30.586,portscan,3.082,XT..,0,0,385,25410,12.28,2,0,2
10:19:30.902,portscan,3.090,XT..,0,0,387,25542,12.23,2,0,2
10:19:31.024,portscan,3.091,XT..,0,0,389,25674,12.23,2,0,2
10:19:31.200,portscan,3.088,XT..,0,0,391,25806,12.24,2,0,2
10:19:31.462,portscan,3.090,XT..,0,0,393,25938,12.23,2,0,2
10:19:31.597,portscan,3.094,XT..,0,0,395,26070,12.20,2,0,2
10:19:31.663,portscan,3.090,XT..,0,0,397,26202,12.23,2,0,2
10:19:31.835,portscan,2.334,XT..,0,0,17,1122,0.57,2,0,1
10:19:31.844,portscan,1.465,XT..,0,0,38,5080,1.78,2,0,4787
10:19:31.907,portscan,3.092,XT..,0,0,399,26334,12.23,2,0,2
10:19:32.039,portscan,3.090,XT..,0,0,401,26466,12.24,2,0,2
10:19:32.093,portscan,2.021,XT..,0,0,50,6728,1.56,2,0,4787
10:19:32.245,portscan,2.027,XT..,0,0,50,3300,1.66,2,0,4097
10:19:32.267,portscan,3.096,XT..,0,0,403,26598,12.19,2,0,2
10:19:32.422,portscan,3.095,XT..,0,0,405,26730,12.19,2,0,2
10:19:32.628,portscan,3.093,XT..,0,0,407,26862,12.20,2,0,2
10:19:32.835,portscan,3.096,XT..,0,0,409,26994,12.18,2,0,2
10:19:32.967,portscan,3.097,XT..,0,0,411,27126,12.18,2,0,2
10:19:33.085,portscan,3.095,XT..,0,0,413,27258,12.19,2,0,2
10:19:33.322,portscan,3.095,XT..,0,0,415,27390,12.19,2,0,2
10:19:33.438,portscan,3.096,XT..,0,0,417,27522,12.18,2,0,2
10:19:33.568,portscan,3.091,XT..,0,0,419,27654,12.22,2,0,2
10:19:33.811,portscan,3.094,XT..,0,0,421,27786,12.19,2,0,2
10:19:33.923,portscan,3.097,XT..,0,0,423,27918,12.17,2,0,2
10:19:34.043,portscan,3.095,XT..,0,0,425,28050,12.19,2,0,2
10:19:34.150,portscan,3.090,XT..,0,0,427,28182,12.22,2,0,2
10:19:34.343,portscan,3.090,XT..,0,0,429,28314,12.22,2,0,2
10:19:34.567,portscan,3.091,XT..,0,0,431,28446,12.21,2,0,2
10:19:34.655,portscan,3.092,XT..,0,0,433,28578,12.21,2,0,2
10:19:34.904,portscan,3.093,XT..,0,0,435,28710,12.20,2,0,2
10:19:35.021,portscan,3.090,XT..,0,0,437,28842,12.22,2,0,2
10:19:35.196,portscan,3.093,XT..,0,0,439,28974,12.20,2,0,2
10:19:35.270,portscan,2.081,XT..,0,0,52,3432,1.57,2,0,4097
10:19:35.271,portscan,3.089,XT..,0,0,441,29106,12.22,2,0,2
10:19:35.360,portscan,3.083,XT..,0,0,443,29238,12.26,2,0,2
10:19:35.539,portscan,3.084,XT..,0,0,445,29370,12.25,2,0,2
10:19:35.831,portscan,3.082,XT..,0,0,447,29502,12.27,2,0,2
10:19:35.842,portscan,2.343,XT..,0,0,19,1254,0.56,2,0,1
10:19:35.921,portscan,3.087,XT..,0,0,449,29634,12.22,2,0,2
10:19:36.026,portscan,3.082,XT..,0,0,451,29766,12.25,2,0,2
10:19:37.305,synflood,0.000,XT..,0,0,2,132,10748.12,2,0,2
10:19:37.525,synflood,0.000,XT..,0,0,4,264,22.04,2,0,2
10:19:37.637,synflood,0.000,XT..,0,0,6,396,17.15,2,0,2
10:19:37.812,synflood,0.000,XT..,0,0,8,528,15.62,2,0,2
10:19:38.028,synflood,0.000,XT..,0,0,10,660,14.83,2,0,2
10:19:38.195,synflood,0.000,XT..,0,0,12,792,13.25,2,0,2
10:19:38.361,synflood,0.000,XT..,0,0,14,924,13.81,2,0,2
10:19:38.583,synflood,0.000,XT..,0,0,16,1056,12.95,2,0,2
10:19:38.855,synflood,0.000,XT..,0,0,18,1188,11.92,2,0,2
10:19:38.983,synflood,0.000,XT..,0,0,20,1320,11.96,2,0,2
10:19:39.091,synflood,0.000,XT..,0,0,22,1452,12.21,2,0,2
10:19:39.204,synflood,0.000,XT..,0,0,24,1584,12.51,2,0,2
10:19:39.590,synflood,0.000,XT..,0,0,26,1716,11.61,2,0,2
10:19:39.796,synflood,0.000,XT..,0,0,2,132,12552.09,2,0,4097
10:19:39.814,synflood,0.000,XT..,0,0,28,1848,11.38,2,0,2
10:19:39.849,synflood,0.000,XT..,0,0,1,66,0.00,2,0,1
10:19:39.935,synflood,0.000,XT..,0,0,30,1980,11.21,2,0,2
10:19:40.119,synflood,0.000,XT..,0,0,32,2112,11.42,2,0,2
10:19:40.255,synflood,0.000,XT..,0,0,34,2244,11.47,2,0,2
10:19:40.421,synflood,0.000,XT..,0,0,36,2376,11.71,2,0,2
10:19:40.585,synflood,0.000,XT..,0,0,38,2508,11.54,2,0,2
10:19:40.805,synflood,0.000,XT..,0,0,40,2640,11.75,2,0,2
10:19:40.933,synflood,0.000,XT..,0,0,42,2772,11.42,2,0,2
10:19:41.081,synflood,0.000,XT..,0,0,44,2904,11.57,2,0,2
10:19:41.219,synflood,0.000,XT..,0,0,46,3036,11.87,2,0,2
10:19:41.304,synflood,0.000,XT..,0,0,5,330,3.31,2,0,4097
10:19:41.381,synflood,0.000,XT..,0,0,48,3168,11.89,2,0,2
10:19:41.551,synflood,0.000,XT..,0,0,50,3300,11.96,2,0,2
10:19:41.716,synflood,0.000,XT..,0,0,52,3432,11.91,2,0,2
10:19:41.930,synflood,0.000,XT..,0,0,54,3564,11.63,2,0,2
10:19:42.033,synflood,0.000,XT..,0,0,56,3696,11.76,2,0,2
10:19:42.108,synflood,0.000,XT..,0,0,59,3894,12.26,2,0,2
10:19:42.123,synflood,0.000,XT..,0,0,7,462,621890.55,2,0,4787
10:19:42.355,synflood,0.000,XT..,0,0,61,4026,12.05,2,0,2
10:19:42.382,synflood,0.000,XT..,0,0,13,1715,50.09,2,0,4787
10:19:42.574,synflood,0.000,XT..,0,0,63,4158,12.06,2,0,2
10:19:42.649,synflood,0.000,XT..,0,0,65,4290,12.06,2,0,2
10:19:42.799,synflood,0.000,XT..,0,0,67,4422,12.29,2,0,2
10:19:42.817,synflood,0.000,XT..,0,0,9,594,2.98,2,0,4097
10:19:43.006,synflood,0.000,XT..,0,0,69,4554,12.14,2,0,2
10:19:43.149,synflood,0.000,XT..,0,0,71,4686,12.23,2,0,2
10:19:43.259,synflood,0.000,XT..,0,0,73,4818,12.24,2,0,2
10:19:43.423,synflood,0.000,XT..,0,0,75,4950,12.34,2,0,2
10:19:43.587,synflood,0.000,XT..,0,0,77,5082,12.24,2,0,2
10:19:43.857,synflood,0.000,XT..,0,0,3,198,0.75,2,0,1
10:19:43.863,synflood,0.000,XT..,0,0,79,5214,12.13,2,0,2
10:19:43.939,synflood,0.000,XT..,0,0,81,5346,12.12,2,0,2
10:19:44.039,synflood,0.000,XT..,0,0,83,5478,12.33,2,0,2
10:19:44.254,synflood,0.000,XT..,0,0,85,5610,12.31,2,0,2
10:19:44.327,synflood,1.536,XT..,0,0,11,726,2.43,2,0,4097
10:19:44.638,synflood,3.082,XT..,0,0,87,5742,12.02,2,0,2
10:19:44.854,synflood,3.103,XT..,0,0,89,5874,11.85,2,0,2
10:19:44.944,synflood,3.099,XT..,0,0,91,6006,11.84,2,0,2
10:19:45.041,synflood,3.072,XT..,0,0,93,6138,11.99,2,0,2
10:19:45.202,synflood,3.051,XT..,0,0,95,6270,12.11,2,0,2
10:19:45.476,synflood,3.064,XT..,0,0,97,6402,12.01,2,0,2
10:19:45.696,synflood,3.084,XT..,0,0,99,6534,11.86,2,0,2
10:19:45.933,synflood,3.117,XT..,0,0,101,6666,11.62,2,0,2
10:19:46.060,synflood,3.078,XT..,0,0,103,6798,11.83,2,0,2
10:19:46.287,synflood,3.087,XT..,0,0,105,6930,11.74,2,0,2
10:19:46.391,synflood,3.073,XT..,0,0,107,7062,11.80,2,0,2
10:19:46.803,synflood,3.100,XT..,0,0,109,7194,11.61,2,0,2
10:19:46.932,synflood,3.119,XT..,0,0,111,7326,11.46,2,0,2
10:19:46.998,synflood,3.082,XT..,0,0,113,7458,11.64,2,0,2
10:19:47.170,synflood,3.065,XT..,0,0,115,7590,11.72,2,0,2
10:19:47.346,synflood,1.802,XT..,0,0,14,924,1.85,2,0,4097
10:19:47.404,synflood,3.073,XT..,0,0,117,7722,11.70,2,0,2
10:19:47.531,synflood,3.089,XT..,0,0,119,7854,11.58,2,0,2
10:19:47.625,synflood,3.066,XT..,0,0,121,7986,11.71,2,0,2
10:19:47.849,synflood,3.062,XT..,0,0,123,8118,11.72,2,0,2
10:19:47.865,synflood,2.079,XT..,0,0,5,330,0.62,2,0,1
10:19:48.062,synflood,3.097,XT..,0,0,126,8316,11.78,2,0,2
10:19:48.152,synflood,3.097,XT..,0,0,128,8448,11.75,2,0,2
10:19:48.244,synflood,3.076,XT..,0,0,130,8580,11.87,2,0,2
10:19:48.467,synflood,3.072,XT..,0,0,132,8712,11.88,2,0,2
10:19:48.629,synflood,3.078,XT..,0,0,134,8844,11.82,2,0,2
10:19:48.798,synflood,3.077,XT..,0,0,136,8976,11.81,2,0,2
10:19:48.946,synflood,3.100,XT..,0,0,139,9174,11.89,2,0,2
10:19:49.173,synflood,3.088,XT..,0,0,141,9306,11.94,2,0,2
10:19:49.309,synflood,3.088,XT..,0,0,143,9438,11.91,2,0,2
10:19:49.530,synflood,3.077,XT..,0,0,145,9570,11.96,2,0,2
10:19:49.640,synflood,3.081,XT..,0,0,147,9702,11.91,2,0,2
10:19:49.931,synflood,3.077,XT..,0,0,149,9834,11.91,2,0,2
10:19:49.949,synflood,3.076,XT..,0,0,151,9966,11.89,2,0,2
10:19:50.007,synflood,3.055,XT..,0,0,153,10098,12.01,2,0,2
10:19:50.232,synflood,3.042,XT..,0,0,155,10230,12.08,2,0,2
10:19:50.366,synflood,1.904,XT..,0,0,17,1122,1.61,2,0,4097
10:19:50.397,synflood,3.052,XT..,0,0,157,10362,12.03,2,0,2
10:19:50.577,synflood,3.057,XT..,0,0,159,10494,11.99,2,0,2
10:19:50.719,synflood,3.047,XT..,0,0,161,10626,12.04,2,0,2
10:19:50.948,synflood,3.066,XT..,0,0,163,10758,11.90,2,0,2
10:19:51.052,synflood,3.051,XT..,0,0,165,10890,11.99,2,0,2
10:19:51.187,synflood,3.042,XT..,0,0,167,11022,12.04,2,0,2
10:19:51.326,synflood,3.034,XT..,0,0,169,11154,12.08,2,0,2
10:19:51.586,synflood,3.038,XT..,0,0,171,11286,12.05,2,0,2
10:19:51.808,synflood,3.050,XT..,0,0,173,11418,11.96,2,0,2
10:19:51.877,synflood,2.168,XT..,0,0,8,528,0.67,2,0,1
10:19:51.877,synflood,1.917,XT..,0,0,19,1254,1.57,2,0,4097
10:19:51.939,synflood,3.059,XT..,0,0,175,11550,11.91,2,0,2
10:19:52.067,synflood,3.040,XT..,0,0,177,11682,12.03,2,0,2
10:19:52.244,synflood,3.049,XT..,0,0,179,11814,11.97,2,0,2
10:19:52.517,synflood,3.054,XT..,0,0,181,11946,11.93,2,0,2
10:19:52.681,synflood,3.059,XT..,0,0,183,12078,11.89,2,0,2
10:19:52.878,synflood,2.168,XT..,0,0,13,1715,50.09,2,0,4787
10:19:52.898,synflood,3.070,XT..,0,0,185,12210,11.90,2,0,2
10:19:52.952,synflood,3.062,XT..,0,0,187,12342,11.94,2,0,2
10:19:53.135,synflood,3.056,XT..,0,0,189,12474,11.97,2,0,2
10:19:53.155,synflood,1.375,XT..,0,0,24,3297,2.18,2,0,4787
10:19:53.403,synflood,3.071,XT..,0,0,191,12606,11.94,2,0,2
10:19:53.567,synflood,3.082,XT..,0,0,193,12738,11.86,2,0,2
10:19:53.840,synflood,3.074,XT..,0,0,195,12870,11.90,2,0,2
10:19:53.943,synflood,3.081,XT..,0,0,197,13002,11.85,2,0,2
10:19:54.012,synflood,3.072,XT..,0,0,199,13134,11.90,2,0,2
10:19:54.225,synflood,3.071,XT..,0,0,201,13266,11.90,2,0,2
10:19:54.326,synflood,3.069,XT..,0,0,203,13398,11.91,2,0,2
10:19:54.720,synflood,3.085,XT..,0,0,205,13530,11.81,2,0,2
10:19:54.836,synflood,3.089,XT..,0,0,207,13662,11.77,2,0,2
10:19:54.895,synflood,2.014,XT..,0,0,22,1452,1.46,2,0,4097
10:19:54.962,synflood,3.082,XT..,0,0,209,13794,11.80,2,0,2
10:19:55.070,synflood,3.070,XT..,0,0,211,13926,11.87,2,0,2
10:19:55.300,synflood,3.071,XT..,0,0,213,14058,11.86,2,0,2
10:19:55.438,synflood,3.076,XT..,0,0,215,14190,11.83,2,0,2
10:19:55.591,synflood,3.069,XT..,0,0,217,14322,11.87,2,0,2
10:19:55.768,synflood,3.063,XT..,0,0,219,14454,11.90,2,0,2
10:19:55.884,synflood,2.228,XT..,0,0,10,660,0.62,2,0,1
10:19:55.965,synflood,3.058,XT..,0,0,221,14586,11.92,2,0,2
10:19:56.050,synflood,3.066,XT..,0,0,223,14718,11.87,2,0,2
10:19:56.259,synflood,3.060,XT..,0,0,225,14850,11.90,2,0,2
10:19:56.405,synflood,2.015,XT..,0,0,24,1584,1.45,2,0,4097
10:19:56.507,synflood,3.067,XT..,0,0,227,14982,11.85,2,0,2
10:19:56.619,synflood,3.062,XT..,0,0,229,15114,11.88,2,0,2
10:19:56.737,synflood,3.061,XT..,0,0,231,15246,11.89,2,0,2
10:19:56.858,synflood,3.053,XT..,0,0,233,15378,11.94,2,0,2
10:19:56.975,synflood,3.057,XT..,0,0,235,15510,11.92,2,0,2
10:19:57.072,synflood,3.047,XT..,0,0,237,15642,11.99,2,0,2
10:19:57.260,synflood,3.053,XT..,0,0,239,15774,11.95,2,0,2
10:19:57.566,synflood,3.059,XT..,0,0,241,15906,11.91,2,0,2
10:19:57.705,synflood,3.064,XT..,0,0,243,16038,11.88,2,0,2
10:19:57.875,synflood,3.060,XT..,0,0,245,16170,11.90,2,0,2
10:19:57.888,synflood,2.221,XT..,0,0,12,792,0.67,2,0,1
10:19:57.914,synflood,1.996,XT..,0,0,27,1782,1.49,2,0,4097
10:19:57.968,synflood,3.055,XT..,0,0,247,16302,11.93,2,0,2
10:19:58.176,synflood,3.050,XT..,0,0,249,16434,11.96,2,0,2
10:19:58.299,synflood,3.053,XT..,0,0,251,16566,11.95,2,0,2
10:19:58.483,synflood,3.054,XT..,0,0,253,16698,11.94,2,0,2
10:19:58.612,synflood,3.051,XT..,0,0,255,16830,11.97,2,0,2
10:19:58.903,synflood,3.062,XT..,0,0,258,17028,12.04,2,0,2
10:19:59.021,synflood,3.071,XT..,0,0,260,17160,11.97,2,0,2
10:19:59.152,synflood,3.068,XT..,0,0,262,17292,11.99,2,0,2
10:19:59.261,synflood,3.064,XT..,0,0,264,17424,12.02,2,0,2
10:19:59.426,synflood,1.998,XT..,0,0,31,2046,1.58,2,0,4097
10:19:59.546,synflood,3.063,XT..,0,0,266,17556,12.02,2,0,2
10:19:59.629,synflood,3.070,XT..,0,0,268,17688,11.98,2,0,2
10:19:59.735,synflood,3.063,XT..,0,0,270,17820,12.02,2,0,2
10:19:59.946,synflood,3.062,XT..,0,0,272,17952,12.03,2,0,2
10:20:00.014,synflood,3.058,XT..,0,0,274,18084,12.06,2,0,2
10:20:00.304,synflood,3.054,XT..,0,0,276,18216,12.08,2,0,2
10:20:00.472,synflood,3.064,XT..,0,0,278,18348,12.02,2,0,2
10:20:00.709,synflood,3.082,XT..,0,0,281,18546,12.03,2,0,2
10:20:00.951,synflood,3.088,XT..,0,0,283,18678,11.99,2,0,2
10:20:01.021,synflood,3.085,XT..,0,0,285,18810,12.00,2,0,2
10:20:01.151,synflood,3.079,XT..,0,0,287,18942,12.04,2,0,2
10:20:01.314,synflood,3.075,XT..,0,0,289,19074,12.06,2,0,2
10:20:01.529,synflood,3.079,XT..,0,0,291,19206,12.03,2,0,2
10:20:01.561,synflood,3.075,XT..,0,0,293,19338,12.05,2,0,2
10:20:01.779,synflood,3.065,XT..,0,0,295,19470,12.11,2,0,2
10:20:01.897,synflood,2.275,XT..,0,0,14,924,0.64,2,0,1
10:20:01.953,synflood,3.073,XT..,0,0,297,19602,12.04,2,0,2
10:20:02.153,synflood,3.069,XT..,0,0,299,19734,12.06,2,0,2
10:20:02.261,synflood,3.068,XT..,0,0,301,19866,12.07,2,0,2
10:20:02.445,synflood,2.065,XT..,0,0,33,2178,1.46,2,0,4097
10:20:02.515,synflood,3.080,XT..,0,0,303,19998,11.99,2,0,2
10:20:02.725,synflood,3.075,XT..,0,0,305,20130,12.02,2,0,2
10:20:02.854,synflood,3.075,XT..,0,0,307,20262,12.02,2,0,2
10:20:02.989,synflood,3.075,XT..,0,0,309,20394,12.02,2,0,2
10:20:03.163,synflood,1.488,XT..,0,0,24,3297,2.18,2,0,4787
10:20:03.171,synflood,1.810,XT..,0,0,27,3495,1.28,2,0,4787
10:20:03.236,synflood,3.081,XT..,0,0,311,20526,12.05,2,0,2
10:20:03.391,synflood,3.091,XT..,0,0,313,20658,11.99,2,0,2
10:20:03.429,synflood,1.652,XT..,0,0,36,4946,1.69,2,0,4787
10:20:03.541,synflood,3.102,XT..,0,0,316,20856,12.04,2,0,2
10:20:03.672,synflood,3.099,XT..,0,0,318,20988,12.06,2,0,2
10:20:03.954,synflood,2.060,XT..,0,0,36,2376,1.49,2,0,4097
10:20:03.980,synflood,3.110,XT..,0,0,320,21120,11.98,2,0,2
10:20:04.029,synflood,3.102,XT..,0,0,322,21252,12.03,2,0,2
10:20:04.151,synflood,3.095,XT..,0,0,324,21384,12.07,2,0,2
10:20:04.320,synflood,3.095,XT..,0,0,326,21516,12.07,2,0,2
10:20:04.451,synflood,3.096,XT..,0,0,328,21648,12.06,2,0,2
10:20:04.636,synflood,3.095,XT..,0,0,330,21780,12.06,2,0,2
10:20:04.886,synflood,3.094,XT..,0,0,332,21912,12.06,2,0,2
10:20:05.023,synflood,3.096,XT..,0,0,334,22044,12.05,2,0,2
10:20:05.205,synflood,3.096,XT..,0,0,336,22176,12.05,2,0,2
10:20:05.359,synflood,3.092,XT..,0,0,338,22308,12.07,2,0,2
10:20:05.483,synflood,3.091,XT..,0,0,340,22440,12.07,2,0,2
10:20:05.612,synflood,3.090,XT..,0,0,342,22572,12.08,2,0,2
10:20:05.811,synflood,3.091,XT..,0,0,344,22704,12.07,2,0,2
10:20:05.904,synflood,2.293,XT..,0,0,16,1056,0.61,2,0,1
10:20:05.964,synflood,3.086,XT..,0,0,346,22836,12.09,2,0,2
10:20:06.105,synflood,3.087,XT..,0,0,348,22968,12.08,2,0,2
10:20:06.276,synflood,3.087,XT..,0,0,350,23100,12.08,2,0,2
10:20:06.362,synflood,3.084,XT..,0,0,352,23232,12.10,2,0,2
10:20:06.461,synflood,3.079,XT..,0,0,354,23364,12.13,2,0,2
10:20:06.635,synflood,3.078,XT..,0,0,356,23496,12.13,2,0,2
10:20:06.918,synflood,3.081,XT..,0,0,358,23628,12.11,2,0,2
10:20:06.986,synflood,2.087,XT..,0,0,39,2574,1.44,2,0,4097
10:20:07.032,synflood,3.081,XT..,0,0,360,23760,12.11,2,0,2
10:20:07.302,synflood,3.084,XT..,0,0,362,23892,12.08,2,0,2
10:20:07.533,synflood,3.082,XT..,0,0,364,24024,12.10,2,0,2
10:20:07.642,synflood,3.088,XT..,0,0,366,24156,12.06,2,0,2
10:20:07.917,synflood,3.088,XT..,0,0,368,24288,12.06,2,0,2
10:20:08.017,synflood,3.091,XT..,0,0,370,24420,12.03,2,0,2
10:20:08.255,synflood,3.085,XT..,0,0,372,24552,12.07,2,0,2
10:20:08.285,synflood,3.088,XT..,0,0,374,24684,12.05,2,0,2
10:20:08.495,synflood,2.111,XT..,0,0,41,2706,1.43,2,0,4097
10:20:08.510,synflood,3.084,XT..,0,0,376,24816,12.07,2,0,2
10:20:08.724,synflood,3.087,XT..,0,0,378,24948,12.05,2,0,2
10:20:08.977,synflood,3.093,XT..,0,0,380,25080,12.01,2,0,2
10:20:09.038,synflood,3.090,XT..,0,0,382,25212,12.03,2,0,2
10:20:10.523,privesc,0.000,XT..,0,0,7,462,60.90,2,0,2
10:20:10.641,privesc,0.000,XT..,0,0,9,594,30.66,2,0,2
10:20:10.761,privesc,0.000,XT..,0,0,11,726,26.67,2,0,2
10:20:10.986,privesc,0.000,XT..,0,0,13,858,22.31,2,0,2
10:20:11.109,privesc,0.000,XT..,0,0,15,990,19.88,2,0,2
10:20:11.232,privesc,0.000,XT..,0,0,17,1122,19.22,2,0,2
10:20:11.349,privesc,0.000,XT..,0,0,19,1254,18.58,2,0,2
10:20:11.587,privesc,0.000,XT..,0,0,21,1386,17.84,2,0,2
10:20:11.861,privesc,0.000,XT..,0,0,23,1518,17.00,2,0,2
10:20:11.984,privesc,0.000,XT..,0,0,25,1650,15.35,2,0,2
10:20:12.058,privesc,0.000,XT..,0,0,27,1782,15.70,2,0,2
10:20:12.132,privesc,0.000,XT..,0,0,29,1914,15.88,2,0,2
10:20:12.357,privesc,0.000,XT..,0,0,31,2046,15.89,2,0,2
10:20:12.575,privesc,0.000,XT..,0,0,33,2178,14.82,2,0,2
10:20:12.684,privesc,0.000,XT..,0,0,35,2310,14.98,2,0,2
10:20:12.982,privesc,0.000,XT..,0,0,37,2442,14.79,2,0,2
10:20:13.026,privesc,0.000,XT..,0,0,39,2574,14.38,2,0,2
10:20:13.034,privesc,0.000,XT..,0,0,1,66,0.00,2,0,4097
10:20:13.095,privesc,0.000,XT..,0,0,41,2706,14.88,2,0,2
10:20:13.218,privesc,0.000,XT..,0,0,43,2838,15.18,2,0,2
10:20:13.439,privesc,0.000,XT..,0,0,45,2970,15.08,2,0,2
10:20:13.658,privesc,0.000,XT..,0,0,47,3102,14.43,2,0,2
10:20:13.767,privesc,0.000,XT..,0,0,49,3234,14.25,2,0,2
10:20:13.918,privesc,0.000,XT..,0,0,1,66,0.00,2,0,1
10:20:13.926,privesc,0.000,XT..,0,0,2,132,279329.61,2,0,4787
10:20:14.009,privesc,0.000,XT..,0,0,51,3366,13.77,2,0,2
10:20:14.056,privesc,0.000,XT..,0,0,53,3498,14.22,2,0,2
10:20:14.156,privesc,0.000,XT..,0,0,10,1516,43.44,2,0,4787
10:20:14.267,privesc,0.000,XT..,0,0,55,3630,14.25,2,0,2
10:20:14.380,privesc,0.000,XT..,0,0,57,3762,14.08,2,0,2
10:20:14.543,privesc,0.000,XT..,0,0,5,330,3.29,2,0,4097
10:20:14.590,privesc,0.000,XT..,0,0,59,3894,14.08,2,0,2
10:20:14.869,privesc,0.000,XT..,0,0,61,4026,13.66,2,0,2
10:20:15.008,privesc,0.000,XT..,0,0,63,4158,13.56,2,0,2
10:20:15.081,privesc,0.000,XT..,0,0,66,4356,13.93,2,0,2
10:20:15.430,privesc,0.000,XT..,0,0,68,4488,13.82,2,0,2
10:20:15.596,privesc,0.000,XT..,0,0,70,4620,13.34,2,0,2
10:20:15.811,privesc,0.000,XT..,0,0,72,4752,13.31,2,0,2
10:20:16.015,privesc,0.000,XT..,0,0,74,4884,13.14,2,0,2
10:20:16.041,privesc,0.000,XT..,0,0,76,5016,13.25,2,0,2
10:20:16.059,privesc,0.000,XT..,0,0,7,462,2.31,2,0,4097
10:20:16.187,privesc,0.000,XT..,0,0,78,5148,13.31,2,0,2
10:20:16.419,privesc,0.000,XT..,0,0,80,5280,13.33,2,0,2
10:20:16.644,privesc,0.000,XT..,0,0,82,5412,13.15,2,0,2
10:20:16.899,privesc,0.000,XT..,0,0,84,5544,12.96,2,0,2
10:20:17.017,privesc,0.000,XT..,0,0,87,5742,12.96,2,0,2
10:20:17.242,privesc,0.000,XT..,0,0,89,5874,13.01,2,0,2
10:20:17.553,privesc,0.000,XT..,0,0,91,6006,12.85,2,0,2
10:20:17.726,privesc,0.000,XT..,0,0,93,6138,12.69,2,0,2
10:20:17.925,privesc,2.036,XT..,0,0,3,198,0.75,2,0,1
10:20:17.996,privesc,3.113,XT..,0,0,95,6270,12.56,2,0,2
10:20:18.011,privesc,3.095,XT..,0,0,97,6402,12.58,2,0,2
10:20:18.116,privesc,3.061,XT..,0,0,99,6534,12.73,2,0,2
10:20:18.341,privesc,3.063,XT..,0,0,101,6666,12.65,2,0,2
10:20:18.575,privesc,3.057,XT..,0,0,103,6798,12.62,2,0,2
10:20:18.626,privesc,3.047,XT..,0,0,105,6930,12.63,2,0,2
10:20:18.835,privesc,3.021,XT..,0,0,107,7062,12.75,2,0,2
10:20:18.996,privesc,3.046,XT..,0,0,109,7194,12.53,2,0,2
10:20:19.053,privesc,3.013,XT..,0,0,111,7326,12.71,2,0,2
10:20:19.082,privesc,1.852,XT..,0,0,11,726,1.82,2,0,4097
10:20:19.220,privesc,3.015,XT..,0,0,113,7458,12.75,2,0,2
10:20:19.389,privesc,3.004,XT..,0,0,115,7590,12.80,2,0,2
10:20:19.576,privesc,3.015,XT..,0,0,117,7722,12.69,2,0,2
10:20:19.832,privesc,3.038,XT..,0,0,119,7854,12.50,2,0,2
10:20:19.992,privesc,3.015,XT..,0,0,121,7986,12.63,2,0,2
10:20:20.009,privesc,3.005,XT..,0,0,123,8118,12.68,2,0,2
10:20:20.111,privesc,2.983,XT..,0,0,125,8250,12.81,2,0,2
10:20:20.303,privesc,2.987,XT..,0,0,127,8382,12.77,2,0,2
10:20:20.476,privesc,2.992,XT..,0,0,129,8514,12.72,2,0,2
10:20:20.590,privesc,1.901,XT..,0,0,13,858,1.72,2,0,4097
10:20:20.714,privesc,3.001,XT..,0,0,131,8646,12.70,2,0,2
10:20:20.991,privesc,3.010,XT..,0,0,133,8778,12.62,2,0,2
10:20:21.010,privesc,3.009,XT..,0,0,135,8910,12.61,2,0,2
10:20:21.233,privesc,2.990,XT..,0,0,137,9042,12.73,2,0,2
10:20:21.472,privesc,3.015,XT..,0,0,139,9174,12.55,2,0,2
10:20:21.659,privesc,3.021,XT..,0,0,141,9306,12.50,2,0,2
10:20:21.916,privesc,3.013,XT..,0,0,143,9438,12.54,2,0,2
10:20:21.932,privesc,2.106,XT..,0,0,5,330,0.62,2,0,1
10:20:22.067,privesc,3.062,XT..,0,0,146,9636,12.47,2,0,2
10:20:22.100,privesc,1.922,XT..,0,0,15,990,1.65,2,0,4097
10:20:22.263,privesc,3.064,XT..,0,0,148,9768,12.46,2,0,2
10:20:22.450,privesc,3.053,XT..,0,0,150,9900,12.51,2,0,2
10:20:22.684,privesc,3.078,XT..,0,0,152,10032,12.33,2,0,2
10:20:22.874,privesc,3.074,XT..,0,0,154,10164,12.32,2,0,2
10:20:22.994,privesc,3.061,XT..,0,0,156,10296,12.38,2,0,2
10:20:23.029,privesc,3.075,XT..,0,0,159,10494,12.50,2,0,2
10:20:23.224,privesc,3.068,XT..,0,0,161,10626,12.51,2,0,2
10:20:23.469,privesc,3.077,XT..,0,0,163,10758,12.42,2,0,2
10:20:23.569,privesc,3.060,XT..,0,0,165,10890,12.50,2,0,2
10:20:23.609,privesc,1.911,XT..,0,0,19,1254,1.80,2,0,4097
10:20:23.756,privesc,3.057,XT..,0,0,167,11022,12.52,2,0,2
10:20:23.997,privesc,3.065,XT..,0,0,169,11154,12.45,2,0,2
10:20:24.025,privesc,3.059,XT..,0,0,171,11286,12.47,2,0,2
10:20:24.115,privesc,3.047,XT..,0,0,173,11418,12.53,2,0,2
10:20:24.163,privesc,2.228,XT..,0,0,10,1516,43.44,2,0,4787
10:20:24.170,privesc,1.837,XT..,0,0,11,1582,1.07,2,0,4787
10:20:24.302,privesc,3.061,XT..,0,0,175,11550,12.55,2,0,2
10:20:24.421,privesc,1.475,XT..,0,0,23,3230,2.19,2,0,4787
10:20:24.468,privesc,3.062,XT..,0,0,177,11682,12.58,2,0,2
10:20:24.635,privesc,3.067,XT..,0,0,179,11814,12.54,2,0,2
10:20:24.805,privesc,3.062,XT..,0,0,181,11946,12.56,2,0,2
10:20:24.995,privesc,3.067,XT..,0,0,183,12078,12.52,2,0,2
10:20:25.068,privesc,3.056,XT..,0,0,185,12210,12.58,2,0,2
10:20:25.119,privesc,1.901,XT..,0,0,21,1386,1.74,2,0,4097
10:20:25.244,privesc,3.061,XT..,0,0,187,12342,12.55,2,0,2
10:20:25.509,privesc,3.056,XT..,0,0,189,12474,12.59,2,0,2
10:20:25.632,privesc,3.068,XT..,0,0,191,12606,12.50,2,0,2
10:20:25.922,privesc,3.074,XT..,0,0,193,12738,12.44,2,0,2
10:20:25.939,privesc,2.097,XT..,0,0,8,528,0.67,2,0,1
10:20:26.012,privesc,3.097,XT..,0,0,196,12936,12.48,2,0,2
10:20:26.235,privesc,3.083,XT..,0,0,198,13068,12.56,2,0,2
10:20:26.404,privesc,3.089,XT..,0,0,200,13200,12.50,2,0,2
10:20:26.591,privesc,3.096,XT..,0,0,202,13332,12.44,2,0,2
10:20:26.629,privesc,1.932,XT..,0,0,23,1518,1.69,2,0,4097
10:20:27.012,privesc,3.104,XT..,0,0,204,13464,12.38,2,0,2
10:20:27.029,privesc,3.112,XT..,0,0,206,13596,12.32,2,0,2
10:20:27.134,privesc,3.099,XT..,0,0,208,13728,12.39,2,0,2
10:20:27.361,privesc,3.096,XT..,0,0,210,13860,12.39,2,0,2
10:20:27.586,privesc,3.101,XT..,0,0,212,13992,12.34,2,0,2
10:20:27.734,privesc,3.106,XT..,0,0,214,14124,12.29,2,0,2
10:20:27.943,privesc,3.100,XT..,0,0,216,14256,12.32,2,0,2
10:20:27.944,privesc,2.117,XT..,0,0,10,660,0.71,2,0,1
10:20:28.011,privesc,3.100,XT..,0,0,218,14388,12.31,2,0,2
10:20:28.079,privesc,3.083,XT..,0,0,220,14520,12.41,2,0,2
10:20:28.139,privesc,1.944,XT..,0,0,25,1650,1.65,2,0,4097
10:20:28.244,privesc,3.084,XT..,0,0,222,14652,12.40,2,0,2
10:20:28.424,privesc,3.081,XT..,0,0,224,14784,12.41,2,0,2
10:20:28.589,privesc,3.084,XT..,0,0,226,14916,12.39,2,0,2
10:20:28.754,privesc,3.078,XT..,0,0,228,15048,12.42,2,0,2
10:20:28.937,privesc,3.088,XT..,0,0,230,15180,12.35,2,0,2
10:20:29.021,privesc,3.080,XT..,0,0,232,15312,12.39,2,0,2
10:20:29.201,privesc,3.076,XT..,0,0,234,15444,12.41,2,0,2
10:20:29.375,privesc,3.070,XT..,0,0,236,15576,12.45,2,0,2
10:20:29.541,privesc,3.076,XT..,0,0,238,15708,12.40,2,0,2
10:20:29.650,privesc,1.965,XT..,0,0,28,1848,1.68,2,0,4097
10:20:29.868,privesc,3.070,XT..,0,0,240,15840,12.43,2,0,2
10:20:29.947,privesc,2.117,XT..,0,0,12,792,0.75,2,0,1
10:20:30.015,privesc,3.095,XT..,0,0,242,15972,12.27,2,0,2
10:20:30.083,privesc,3.080,XT..,0,0,244,16104,12.36,2,0,2
10:20:30.193,privesc,3.076,XT..,0,0,246,16236,12.39,2,0,2
10:20:30.312,privesc,3.069,XT..,0,0,248,16368,12.43,2,0,2
10:20:30.703,privesc,3.087,XT..,0,0,250,16500,12.31,2,0,2
10:20:30.807,privesc,3.085,XT..,0,0,252,16632,12.32,2,0,2
10:20:31.007,privesc,3.085,XT..,0,0,254,16764,12.31,2,0,2
10:20:31.023,privesc,3.077,XT..,0,0,256,16896,12.36,2,0,2
10:20:31.236,privesc,3.068,XT..,0,0,258,17028,12.41,2,0,2
10:20:31.357,privesc,3.073,XT..,0,0,260,17160,12.37,2,0,2
10:20:31.533,privesc,3.068,XT..,0,0,262,17292,12.40,2,0,2
10:20:31.640,privesc,3.069,XT..,0,0,264,17424,12.40,2,0,2
10:20:31.951,privesc,2.150,XT..,0,0,14,924,0.78,2,0,1
10:20:32.015,privesc,3.073,XT..,0,0,266,17556,12.36,2,0,2
10:20:32.033,privesc,3.077,XT..,0,0,268,17688,12.33,2,0,2
10:20:32.255,privesc,3.074,XT..,0,0,270,17820,12.35,2,0,2
10:20:32.474,privesc,3.078,XT..,0,0,272,17952,12.32,2,0,2
10:20:32.620,privesc,3.083,XT..,0,0,274,18084,12.29,2,0,2
10:20:32.670,privesc,1.983,XT..,0,0,34,2244,1.73,2,0,4097
10:20:32.864,privesc,3.082,XT..,0,0,276,18216,12.29,2,0,2
10:20:33.026,privesc,3.103,XT..,0,0,279,18414,12.28,2,0,2
10:20:33.236,privesc,3.098,XT..,0,0,281,18546,12.30,2,0,2
10:20:33.583,privesc,3.112,XT..,0,0,283,18678,12.21,2,0,2
10:20:33.804,privesc,3.115,XT..,0,0,285,18810,12.18,2,0,2
10:20:33.919,privesc,3.112,XT..,0,0,287,18942,12.19,2,0,2
10:20:34.014,privesc,3.111,XT..,0,0,289,19074,12.19,2,0,2
10:20:34.178,privesc,2.026,XT..,0,0,36,2376,1.70,2,0,4097
10:20:34.190,privesc,3.097,XT..,0,0,291,19206,12.26,2,0,2
10:20:34.299,privesc,3.100,XT..,0,0,293,19338,12.23,2,0,2
10:20:34.443,privesc,3.099,XT..,0,0,295,19470,12.23,2,0,2
10:20:34.630,privesc,3.094,XT..,0,0,297,19602,12.26,2,0,2
10:20:34.941,privesc,1.479,XT..,0,0,23,3230,2.19,2,0,4787
10:20:34.946,privesc,1.954,XT..,0,0,24,3296,1.14,2,0,4787
10:20:35.011,privesc,3.121,XT..,0,0,299,19734,12.15,2,0,2
10:20:35.029,privesc,3.116,XT..,0,0,301,19866,12.17,2,0,2
10:20:35.129,privesc,3.105,XT..,0,0,303,19998,12.23,2,0,2
10:20:35.352,privesc,3.106,XT..,0,0,305,20130,12.22,2,0,2
10:20:35.627,privesc,3.118,XT..,0,0,307,20262,12.14,2,0,2
10:20:35.689,privesc,1.999,XT..,0,0,41,2706,1.81,2,0,4097
10:20:35.753,privesc,3.110,XT..,0,0,309,20394,12.18,2,0,2
10:20:35.959,privesc,2.194,XT..,0,0,16,1056,0.73,2,0,1
10:20:36.011,privesc,3.110,XT..,0,0,311,20526,12.16,2,0,2
10:20:36.029,privesc,3.109,XT..,0,0,313,20658,12.17,2,0,2
10:20:36.240,privesc,3.101,XT..,0,0,315,20790,12.21,2,0,2
10:20:36.364,privesc,3.103,XT..,0,0,317,20922,12.20,2,0,2
10:20:36.590,privesc,3.101,XT..,0,0,319,21054,12.21,2,0,2
10:20:36.807,privesc,3.109,XT..,0,0,321,21186,12.16,2,0,2
10:20:37.018,privesc,3.109,XT..,0,0,323,21318,12.15,2,0,2
10:20:37.091,privesc,3.107,XT..,0,0,325,21450,12.16,2,0,2
10:20:38.619,exfil,0.000,XT..,0,0,1,66,0.00,2,0,2
10:20:38.737,exfil,0.000,XT..,0,0,3,198,15.05,2,0,2
10:20:38.964,exfil,0.000,XT..,0,0,5,330,14.76,2,0,2
10:20:39.038,exfil,0.000,XT..,0,0,7,462,13.29,2,0,2
10:20:39.321,exfil,0.000,XT..,0,0,9,594,12.40,2,0,2
10:20:39.455,exfil,0.000,XT..,0,0,11,726,13.14,2,0,2
10:20:39.671,exfil,0.000,XT..,0,0,13,858,12.33,2,0,2
10:20:39.945,exfil,0.000,XT..,0,0,15,990,10.56,2,0,2
10:20:40.031,exfil,0.000,XT..,0,0,17,1122,11.19,2,0,2
10:20:40.195,exfil,0.000,XT..,0,0,19,1254,12.35,2,0,2
10:20:40.226,exfil,0.000,XT..,0,0,3,198,468018.72,2,0,4097
10:20:40.313,exfil,0.000,XT..,0,0,21,1386,12.02,2,0,2
10:20:40.531,exfil,0.000,XT..,0,0,23,1518,12.00,2,0,2
10:20:40.644,exfil,0.000,XT..,0,0,25,1650,12.00,2,0,2
10:20:40.919,exfil,0.000,XT..,0,0,27,1782,12.01,2,0,2
10:20:41.038,exfil,0.000,XT..,0,0,30,1980,11.92,2,0,2
10:20:41.243,exfil,0.000,XT..,0,0,32,2112,12.16,2,0,2
10:20:41.346,exfil,0.000,.T..,0,0,0,0,0.00,1,0,5413
10:20:41.523,exfil,0.000,XT..,0,0,34,2244,11.92,2,0,2
10:20:41.632,exfil,0.000,XT..,0,0,36,2376,11.73,2,0,2
10:20:41.739,exfil,0.000,XT..,0,0,6,396,3.98,2,0,4097
10:20:41.857,exfil,0.000,XT..,0,0,38,2508,11.74,2,0,2
10:20:41.979,exfil,0.000,XT..,0,0,1,66,0.00,2,0,1
10:20:42.094,exfil,0.000,XT..,0,0,41,2706,11.60,2,0,2
10:20:42.254,exfil,0.000,XT..,0,0,43,2838,11.65,2,0,2
10:20:42.460,exfil,0.000,XT..,0,0,45,2970,11.69,2,0,2
10:20:42.629,exfil,0.000,XT..,0,0,47,3102,11.55,2,0,2
10:20:42.917,exfil,0.000,XT..,0,0,49,3234,11.40,2,0,2
10:20:43.037,exfil,0.000,XT..,0,0,51,3366,11.44,2,0,2
10:20:43.153,exfil,0.000,XT..,0,0,54,3564,11.86,2,0,2
10:20:43.322,exfil,0.000,XT..,0,0,56,3696,11.92,2,0,2
10:20:43.330,exfil,0.000,.T..,0,0,0,0,0.00,1,0,5414
10:20:43.563,exfil,0.000,XT..,0,0,58,3828,11.50,2,0,2
10:20:43.772,exfil,0.000,XT..,0,0,60,3960,11.62,2,0,2
10:20:44.025,exfil,0.000,XT..,0,0,62,4092,11.52,2,0,2
10:20:44.041,exfil,0.000,XT..,0,0,64,4224,11.59,2,0,2
10:20:44.268,exfil,0.000,XT..,0,0,66,4356,11.63,2,0,2
10:20:44.487,exfil,0.000,XT..,0,0,68,4488,11.56,2,0,2
10:20:44.720,exfil,0.000,XT..,0,0,70,4620,11.45,2,0,2
10:20:44.757,exfil,0.000,XT..,0,0,9,594,1.99,2,0,4097
10:20:44.961,exfil,0.000,XT..,0,0,72,4752,11.46,2,0,2
10:20:45.026,exfil,0.000,XT..,0,0,74,4884,11.36,2,0,2
10:20:45.241,exfil,0.000,XT..,0,0,76,5016,11.54,2,0,2
10:20:45.291,exfil,0.000,XT..,0,0,2,132,352422.91,2,0,4787
10:20:45.314,exfil,0.000,.T..,0,0,0,0,0.00,1,0,5415
10:20:45.391,exfil,0.000,XT..,0,0,78,5148,11.38,2,0,2
10:20:45.583,exfil,0.000,XT..,0,0,80,5280,11.47,2,0,2
10:20:45.618,exfil,0.000,XT..,0,0,11,1583,33.71,2,0,4787
10:20:45.818,exfil,0.000,XT..,0,0,82,5412,11.41,2,0,2
10:20:45.988,exfil,1.721,XT..,0,0,3,198,0.75,2,0,1
10:20:46.028,exfil,3.120,XT..,0,0,84,5544,11.29,2,0,2
10:20:46.190,exfil,3.133,XT..,0,0,87,5742,11.53,2,0,2
10:20:46.266,exfil,1.706,XT..,0,0,11,726,1.82,2,0,4097
10:20:46.426,exfil,3.151,XT..,0,0,89,5874,11.41,2,0,2
10:20:46.592,exfil,3.152,XT..,0,0,91,6006,11.34,2,0,2
10:20:46.763,exfil,3.130,XT..,0,0,93,6138,11.43,2,0,2
10:20:47.026,exfil,3.138,XT..,0,0,95,6270,11.32,2,0,2
10:20:47.164,exfil,3.121,XT..,0,0,97,6402,11.38,2,0,2
10:20:47.255,exfil,3.116,XT..,0,0,99,6534,11.36,2,0,2
10:20:47.362,exfil,4.338,.T..,0,0,0,0,0.00,1,0,5416
10:20:47.393,exfil,3.109,XT..,0,0,101,6666,11.52,2,0,2
10:20:47.570,exfil,3.114,XT..,0,0,103,6798,11.44,2,0,2
10:20:47.775,exfil,1.754,XT..,0,0,14,924,1.85,2,0,4097
10:20:47.860,exfil,3.105,XT..,0,0,105,6930,11.51,2,0,2
10:20:48.038,exfil,3.172,XT..,0,0,108,7128,11.34,2,0,2
10:20:48.192,exfil,3.145,XT..,0,0,110,7260,11.47,2,0,2
10:20:48.311,exfil,3.134,XT..,0,0,112,7392,11.50,2,0,2
10:20:48.554,exfil,3.137,XT..,0,0,114,7524,11.43,2,0,2
10:20:48.674,exfil,3.125,XT..,0,0,116,7656,11.47,2,0,2
10:20:48.955,exfil,3.127,XT..,0,0,118,7788,11.42,2,0,2
10:20:49.043,exfil,3.151,XT..,0,0,121,7986,11.50,2,0,2
10:20:49.217,exfil,3.125,XT..,0,0,123,8118,11.63,2,0,2
10:20:49.346,exfil,4.311,.T..,0,0,0,0,0.00,1,0,5417
10:20:49.393,exfil,3.138,XT..,0,0,125,8250,11.61,2,0,2
10:20:49.689,exfil,3.150,XT..,0,0,127,8382,11.48,2,0,2
10:20:49.996,exfil,1.885,XT..,0,0,5,330,0.62,2,0,1
10:20:50.029,exfil,3.153,XT..,0,0,129,8514,11.46,2,0,2
10:20:50.046,exfil,3.161,XT..,0,0,131,8646,11.37,2,0,2
10:20:50.271,exfil,3.149,XT..,0,0,133,8778,11.40,2,0,2
10:20:50.385,exfil,3.137,XT..,0,0,135,8910,11.44,2,0,2
10:20:50.610,exfil,3.135,XT..,0,0,137,9042,11.42,2,0,2
10:20:50.795,exfil,1.877,XT..,0,0,18,1188,1.70,2,0,4097
10:20:50.859,exfil,3.138,XT..,0,0,139,9174,11.36,2,0,2
10:20:51.022,exfil,3.134,XT..,0,0,141,9306,11.36,2,0,2
10:20:51.039,exfil,3.120,XT..,0,0,143,9438,11.42,2,0,2
10:20:51.217,exfil,3.102,XT..,0,0,145,9570,11.52,2,0,2
10:20:51.330,exfil,4.308,.T..,0,0,0,0,0.00,1,0,5418
10:20:51.520,exfil,3.137,XT..,0,0,147,9702,11.36,2,0,2
10:20:51.673,exfil,3.124,XT..,0,0,149,9834,11.42,2,0,2
10:20:51.933,exfil,3.134,XT..,0,0,151,9966,11.33,2,0,2
10:20:52.133,exfil,3.155,XT..,0,0,154,10164,11.39,2,0,2
10:20:52.274,exfil,3.144,XT..,0,0,156,10296,11.42,2,0,2
10:20:52.305,exfil,1.896,XT..,0,0,20,1320,1.66,2,0,4097
10:20:52.569,exfil,3.147,XT..,0,0,158,10428,11.37,2,0,2
10:20:52.674,exfil,3.147,XT..,0,0,160,10560,11.34,2,0,2
10:20:52.869,exfil,3.136,XT..,0,0,162,10692,11.38,2,0,2
10:20:53.039,exfil,3.166,XT..,0,0,165,10890,11.36,2,0,2
10:20:53.198,exfil,3.153,XT..,0,0,167,11022,11.41,2,0,2
10:20:53.314,exfil,4.274,.T..,0,0,0,0,0.00,1,0,5419
10:20:53.351,exfil,3.153,XT..,0,0,169,11154,11.46,2,0,2
10:20:53.650,exfil,3.167,XT..,0,0,171,11286,11.34,2,0,2
10:20:53.814,exfil,1.943,XT..,0,0,22,1452,1.62,2,0,4097
10:20:53.879,exfil,3.155,XT..,0,0,173,11418,11.37,2,0,2
10:20:54.004,exfil,1.973,XT..,0,0,7,462,0.58,2,0,1
10:20:54.025,exfil,3.161,XT..,0,0,175,11550,11.32,2,0,2
10:20:54.040,exfil,3.145,XT..,0,0,177,11682,11.40,2,0,2
10:20:54.251,exfil,3.129,XT..,0,0,179,11814,11.49,2,0,2
10:20:54.489,exfil,3.132,XT..,0,0,181,11946,11.45,2,0,2
10:20:54.598,exfil,3.137,XT..,0,0,183,12078,11.40,2,0,2
10:20:54.830,exfil,3.131,XT..,0,0,185,12210,11.41,2,0,2
10:20:55.093,exfil,3.161,XT..,0,0,188,12408,11.38,2,0,2
10:20:55.177,exfil,3.152,XT..,0,0,190,12540,11.41,2,0,2
10:20:55.323,exfil,1.927,XT..,0,0,25,1650,1.66,2,0,4097
10:20:55.333,exfil,3.135,XT..,0,0,192,12672,11.49,2,0,2
10:20:55.362,exfil,4.306,.T..,0,0,0,0,0.00,1,0,5420
10:20:55.562,exfil,3.143,XT..,0,0,194,12804,11.49,2,0,2
10:20:55.893,exfil,3.162,XT..,0,0,196,12936,11.35,2,0,2
10:20:55.968,exfil,1.975,XT..,0,0,11,1583,33.71,2,0,4787
10:20:55.974,exfil,1.511,XT..,0,0,12,1649,1.12,2,0,4787
10:20:56.030,exfil,3.187,XT..,0,0,198,13068,11.30,2,0,2
10:20:56.146,exfil,3.168,XT..,0,0,200,13200,11.40,2,0,2
10:20:56.390,exfil,3.168,XT..,0,0,202,13332,11.38,2,0,2
10:20:56.594,exfil,3.170,XT..,0,0,204,13464,11.35,2,0,2
10:20:56.834,exfil,1.961,XT..,0,0,27,1782,1.63,2,0,4097
10:20:56.872,exfil,3.175,XT..,0,0,206,13596,11.28,2,0,2
10:20:57.042,exfil,3.197,XT..,0,0,209,13794,11.28,2,0,2
10:20:57.320,exfil,3.194,XT..,0,0,211,13926,11.27,2,0,2
10:20:57.346,exfil,4.279,.T..,0,0,0,0,0.00,1,0,5421
10:20:57.556,exfil,3.204,XT..,0,0,213,14058,11.25,2,0,2
10:20:57.717,exfil,3.202,XT..,0,0,215,14190,11.23,2,0,2
10:20:58.013,exfil,2.058,XT..,0,0,9,594,0.56,2,0,1
10:20:58.026,exfil,3.208,XT..,0,0,217,14322,11.17,2,0,2
10:20:58.044,exfil,3.196,XT..,0,0,219,14454,11.22,2,0,2
10:20:58.253,exfil,3.189,XT..,0,0,221,14586,11.24,2,0,2
10:20:58.444,exfil,3.180,XT..,0,0,223,14718,11.28,2,0,2
10:20:58.661,exfil,3.190,XT..,0,0,225,14850,11.19,2,0,2
10:20:58.861,exfil,3.185,XT..,0,0,227,14982,11.20,2,0,2
10:20:59.028,exfil,3.176,XT..,0,0,229,15114,11.24,2,0,2
10:20:59.045,exfil,3.171,XT..,0,0,231,15246,11.25,2,0,2
10:20:59.222,exfil,3.164,XT..,0,0,233,15378,11.28,2,0,2
10:20:59.330,exfil,4.269,.T..,0,0,0,0,0.00,1,0,5422
10:20:59.475,exfil,3.174,XT..,0,0,235,15510,11.25,2,0,2
10:20:59.548,exfil,3.165,XT..,0,0,237,15642,11.29,2,0,2
10:20:59.715,exfil,3.156,XT..,0,0,239,15774,11.33,2,0,2
10:20:59.852,exfil,1.993,XT..,0,0,30,1980,1.53,2,0,4097
10:21:00.026,exfil,3.161,XT..,0,0,241,15906,11.27,2,0,2
10:21:00.083,exfil,3.156,XT..,0,0,243,16038,11.29,2,0,2
10:21:00.215,exfil,3.146,XT..,0,0,245,16170,11.34,2,0,2
10:21:00.316,exfil,3.143,XT..,0,0,247,16302,11.35,2,0,2
10:21:00.576,exfil,3.143,XT..,0,0,249,16434,11.33,2,0,2
10:21:00.689,exfil,3.140,XT..,0,0,251,16566,11.34,2,0,2
10:21:00.962,exfil,3.138,XT..,0,0,253,16698,11.35,2,0,2
10:21:01.034,exfil,3.140,XT..,0,0,255,16830,11.32,2,0,2
10:21:01.150,exfil,3.126,XT..,0,0,257,16962,11.40,2,0,2
10:21:01.298,exfil,3.124,XT..,0,0,259,17094,11.41,2,0,2
10:21:01.362,exfil,1.991,XT..,0,0,32,2112,1.51,2,0,4097
10:21:01.378,exfil,4.298,.T..,0,0,0,0,0.00,1,0,5423
10:21:01.540,exfil,3.124,XT..,0,0,261,17226,11.44,2,0,2
10:21:01.758,exfil,3.135,XT..,0,0,263,17358,11.36,2,0,2
10:21:01.925,exfil,3.140,XT..,0,0,265,17490,11.32,2,0,2
10:21:02.020,exfil,2.082,XT..,0,0,11,726,0.55,2,0,1
10:21:02.041,exfil,3.147,XT..,0,0,268,17688,11.39,2,0,2
10:21:02.387,exfil,3.150,XT..,0,0,270,17820,11.36,2,0,2
10:21:02.523,exfil,3.153,XT..,0,0,272,17952,11.33,2,0,2
10:21:02.724,exfil,3.146,XT..,0,0,274,18084,11.36,2,0,2
10:21:02.871,exfil,2.007,XT..,0,0,34,2244,1.50,2,0,4097
10:21:03.029,exfil,3.155,XT..,0,0,276,18216,11.29,2,0,2
10:21:03.095,exfil,3.146,XT..,0,0,278,18348,11.33,2,0,2
10:21:03.212,exfil,3.138,XT..,0,0,280,18480,11.37,2,0,2
10:21:03.362,exfil,4.287,.T..,0,0,0,0,0.00,1,0,5424
10:21:03.478,exfil,3.146,XT..,0,0,282,18612,11.37,2,0,2
10:21:03.702,exfil,3.151,XT..,0,0,284,18744,11.32,2,0,2
10:21:03.813,exfil,3.148,XT..,0,0,286,18876,11.33,2,0,2
10:21:04.040,exfil,3.147,XT..,0,0,288,19008,11.33,2,0,2
10:21:04.060,exfil,3.142,XT..,0,0,290,19140,11.35,2,0,2
10:21:04.269,exfil,3.136,XT..,0,0,292,19272,11.38,2,0,2
10:21:04.380,exfil,2.014,XT..,0,0,36,2376,1.49,2,0,4097
10:21:04.434,exfil,3.134,XT..,0,0,294,19404,11.38,2,0,2
10:21:04.599,exfil,3.135,XT..,0,0,296,19536,11.37,2,0,2
10:21:04.768,exfil,3.129,XT..,0,0,298,19668,11.40,2,0,2
10:21:04.952,exfil,3.132,XT..,0,0,300,19800,11.37,2,0,2
10:21:05.055,exfil,3.129,XT..,0,0,302,19932,11.38,2,0,2
10:21:05.219,exfil,3.125,XT..,0,0,304,20064,11.40,2,0,2
10:21:06.636,cryptomining,0.000,XT..,0,0,1,66,0.00,2,0,2
10:21:06.777,cryptomining,0.000,XT..,0,0,3,198,28.49,2,0,2
10:21:06.909,cryptomining,0.000,XT..,0,0,5,330,22.95,2,0,2
10:21:07.045,cryptomining,0.000,XT..,0,0,7,462,15.25,2,0,2
10:21:07.235,cryptomining,0.000,XT..,0,0,9,594,18.87,2,0,2
10:21:07.383,cryptomining,0.000,XT..,0,0,11,726,15.47,2,0,2
10:21:07.520,cryptomining,0.000,XT..,0,0,13,858,15.87,2,0,2
10:21:07.680,cryptomining,0.000,XT..,0,0,15,990,15.10,2,0,2
10:21:07.984,cryptomining,0.000,XT..,0,0,17,1122,14.01,2,0,2
10:21:08.064,cryptomining,0.000,XT..,0,0,20,1320,13.62,2,0,2
10:21:08.234,cryptomining,0.000,XT..,0,0,22,1452,13.87,2,0,2
10:21:08.399,cryptomining,0.000,XT..,0,0,24,1584,14.03,2,0,2
10:21:08.620,cryptomining,0.000,XT..,0,0,26,1716,13.47,2,0,2
10:21:08.843,cryptomining,0.000,XT..,0,0,28,1848,13.01,2,0,2
10:21:08.913,cryptomining,0.000,XT..,0,0,5,330,7844.20,2,0,4097
10:21:09.037,cryptomining,0.000,XT..,0,0,30,1980,12.60,2,0,2
10:21:09.104,cryptomining,0.000,XT..,0,0,32,2112,13.00,2,0,2
10:21:09.234,cryptomining,0.000,XT..,0,0,34,2244,12.90,2,0,2
10:21:09.378,cryptomining,0.000,.T..,0,0,0,0,0.00,1,0,1321
10:21:09.558,cryptomining,0.000,XT..,0,0,36,2376,12.59,2,0,2
10:21:09.794,cryptomining,0.000,XT..,0,0,38,2508,12.27,2,0,2
10:21:09.975,cryptomining,0.000,XT..,0,0,40,2640,12.31,2,0,2
10:21:10.036,cryptomining,0.000,XT..,0,0,1,66,0.00,2,0,1
10:21:10.168,cryptomining,0.000,XT..,0,0,43,2838,12.39,2,0,2
10:21:10.408,cryptomining,0.000,XT..,0,0,45,2970,12.17,2,0,2
10:21:10.423,cryptomining,0.000,XT..,0,0,11,726,7.28,2,0,4097
10:21:10.513,cryptomining,0.000,XT..,0,0,47,3102,12.19,2,0,2
10:21:10.873,cryptomining,0.000,XT..,0,0,49,3234,12.09,2,0,2
10:21:11.066,cryptomining,0.000,XT..,0,0,51,3366,11.41,2,0,2
10:21:11.123,cryptomining,0.000,XT..,0,0,53,3498,11.81,2,0,2
10:21:11.362,cryptomining,0.000,.T..,0,0,0,0,0.00,1,0,5427
10:21:11.404,cryptomining,0.000,XT..,0,0,55,3630,11.81,2,0,2
10:21:11.658,cryptomining,0.000,XT..,0,0,57,3762,11.37,2,0,2
10:21:11.865,cryptomining,0.000,XT..,0,0,59,3894,11.39,2,0,2
10:21:11.933,cryptomining,0.000,XT..,0,0,13,858,4.30,2,0,4097
10:21:12.060,cryptomining,0.000,XT..,0,0,61,4026,11.28,2,0,2
10:21:12.125,cryptomining,0.000,XT..,0,0,63,4158,11.49,2,0,2
10:21:12.294,cryptomining,0.000,XT..,0,0,65,4290,11.41,2,0,2
10:21:12.478,cryptomining,0.000,XT..,0,0,67,4422,11.59,2,0,2
10:21:12.720,cryptomining,0.000,XT..,0,0,69,4554,11.46,2,0,2
10:21:12.880,cryptomining,0.000,XT..,0,0,71,4686,11.33,2,0,2
10:21:13.050,cryptomining,0.000,XT..,0,0,73,4818,11.29,2,0,2
10:21:13.151,cryptomining,0.000,XT..,0,0,75,4950,11.57,2,0,2
10:21:13.313,cryptomining,0.000,XT..,0,0,77,5082,11.62,2,0,2
10:21:13.346,cryptomining,0.000,.T..,0,0,0,0,0.00,1,0,5431
10:21:13.442,cryptomining,0.000,XT..,0,0,15,990,3.31,2,0,4097
10:21:13.485,cryptomining,0.000,XT..,0,0,79,5214,11.51,2,0,2
10:21:13.782,cryptomining,0.000,XT..,0,0,81,5346,11.60,2,0,2
10:21:14.045,cryptomining,0.000,XT..,0,0,3,198,0.75,2,0,1
10:21:14.046,cryptomining,3.100,XT..,0,0,83,5478,11.33,2,0,2
10:21:14.066,cryptomining,3.088,XT..,0,0,85,5610,11.38,2,0,2
10:21:14.117,cryptomining,3.056,XT..,0,0,87,5742,11.57,2,0,2
10:21:14.505,cryptomining,3.054,XT..,0,0,89,5874,11.57,2,0,2
10:21:14.708,cryptomining,3.092,XT..,0,0,91,6006,11.30,2,0,2
10:21:14.845,cryptomining,3.072,XT..,0,0,93,6138,11.39,2,0,2
10:21:15.007,cryptomining,3.082,XT..,0,0,95,6270,11.31,2,0,2
10:21:15.236,cryptomining,3.057,XT..,0,0,97,6402,11.44,2,0,2
10:21:15.330,cryptomining,4.324,.T..,0,0,0,0,0.00,1,0,1327
10:21:15.357,cryptomining,3.090,XT..,0,0,99,6534,11.34,2,0,2
10:21:15.544,cryptomining,3.084,XT..,0,0,101,6666,11.36,2,0,2
10:21:15.726,cryptomining,3.070,XT..,0,0,103,6798,11.42,2,0,2
10:21:15.955,cryptomining,3.093,XT..,0,0,105,6930,11.25,2,0,2
10:21:16.076,cryptomining,3.067,XT..,0,0,107,7062,11.40,2,0,2
10:21:16.195,cryptomining,3.055,XT..,0,0,109,7194,11.46,2,0,2
10:21:16.300,cryptomining,3.051,XT..,0,0,111,7326,11.48,2,0,2
10:21:16.461,cryptomining,1.584,XT..,0,0,19,1254,2.52,2,0,4097
10:21:16.529,cryptomining,3.058,XT..,0,0,113,7458,11.48,2,0,2
10:21:16.672,cryptomining,3.059,XT..,0,0,115,7590,11.47,2,0,2
10:21:16.913,cryptomining,3.060,XT..,0,0,117,7722,11.46,2,0,2
10:21:16.992,cryptomining,8.516,XT..,0,0,2,988,399121.93,2,0,4787
10:21:16.998,cryptomining,2.343,XT..,0,0,3,1054,0.29,2,0,4787
10:21:17.050,cryptomining,3.059,XT..,0,0,119,7854,11.50,2,0,2
10:21:17.114,cryptomining,3.054,XT..,0,0,121,7986,11.54,2,0,2
10:21:17.241,cryptomining,3.038,XT..,0,0,123,8118,11.66,2,0,2
10:21:17.378,cryptomining,4.380,.T..,0,0,0,0,0.00,1,0,1328
10:21:17.493,cryptomining,3.064,XT..,0,0,125,8250,11.59,2,0,2
10:21:17.495,cryptomining,1.987,XT..,0,0,13,2571,1.19,2,0,4787
10:21:17.598,cryptomining,3.061,XT..,0,0,127,8382,11.58,2,0,2
10:21:17.734,cryptomining,3.061,XT..,0,0,129,8514,11.58,2,0,2
10:21:17.889,cryptomining,3.055,XT..,0,0,131,8646,11.63,2,0,2
10:21:17.974,cryptomining,1.555,XT..,0,0,22,1452,2.43,2,0,4097
10:21:18.060,cryptomining,1.855,XT..,0,0,5,330,0.62,2,0,1
10:21:18.061,cryptomining,3.075,XT..,0,0,133,8778,11.63,2,0,2
10:21:18.240,cryptomining,3.068,XT..,0,0,135,8910,11.70,2,0,2
10:21:18.339,cryptomining,3.071,XT..,0,0,137,9042,11.68,2,0,2
10:21:18.492,cryptomining,3.059,XT..,0,0,139,9174,11.79,2,0,2
10:21:18.623,cryptomining,3.063,XT..,0,0,141,9306,11.77,2,0,2
10:21:18.850,cryptomining,3.076,XT..,0,0,143,9438,11.69,2,0,2
10:21:18.944,cryptomining,3.069,XT..,0,0,145,9570,11.75,2,0,2
10:21:19.069,cryptomining,3.065,XT..,0,0,147,9702,11.79,2,0,2
10:21:19.245,cryptomining,3.060,XT..,0,0,149,9834,11.83,2,0,2
10:21:19.362,cryptomining,4.435,.T..,0,0,0,0,0.00,1,0,1329
10:21:19.484,cryptomining,1.612,XT..,0,0,25,1650,2.36,2,0,4097
10:21:19.550,cryptomining,3.076,XT..,0,0,151,9966,11.87,2,0,2
10:21:19.782,cryptomining,3.101,XT..,0,0,153,10098,11.70,2,0,2
10:21:19.913,cryptomining,3.099,XT..,0,0,155,10230,11.72,2,0,2
10:21:20.076,cryptomining,3.109,XT..,0,0,157,10362,11.65,2,0,2
10:21:20.253,cryptomining,3.100,XT..,0,0,159,10494,11.72,2,0,2
10:21:20.498,cryptomining,3.107,XT..,0,0,161,10626,11.67,2,0,2
10:21:20.731,cryptomining,3.115,XT..,0,0,163,10758,11.62,2,0,2
10:21:20.770,cryptomining,3.112,XT..,0,0,165,10890,11.63,2,0,2
10:21:20.996,cryptomining,1.689,XT..,0,0,28,1848,2.32,2,0,4097
10:21:21.055,cryptomining,3.120,XT..,0,0,167,11022,11.61,2,0,2
10:21:21.234,cryptomining,3.117,XT..,0,0,169,11154,11.62,2,0,2
10:21:21.379,cryptomining,3.124,XT..,0,0,171,11286,11.58,2,0,2
10:21:21.567,cryptomining,3.116,XT..,0,0,173,11418,11.63,2,0,2
10:21:21.730,cryptomining,3.121,XT..,0,0,175,11550,11.59,2,0,2
10:21:21.947,cryptomining,3.120,XT..,0,0,177,11682,11.60,2,0,2
10:21:22.058,cryptomining,3.117,XT..,0,0,179,11814,11.62,2,0,2
10:21:22.069,cryptomining,1.998,XT..,0,0,7,462,0.58,2,0,1
10:21:22.174,cryptomining,3.111,XT..,0,0,181,11946,11.68,2,0,2
10:21:22.390,cryptomining,3.115,XT..,0,0,183,12078,11.65,2,0,2
10:21:22.508,cryptomining,1.733,XT..,0,0,30,1980,2.21,2,0,4097
10:21:22.595,cryptomining,3.129,XT..,0,0,185,12210,11.58,2,0,2
10:21:22.666,cryptomining,3.116,XT..,0,0,187,12342,11.66,2,0,2
10:21:22.783,cryptomining,3.106,XT..,0,0,189,12474,11.73,2,0,2
10:21:23.012,cryptomining,3.110,XT..,0,0,191,12606,11.71,2,0,2
10:21:23.126,cryptomining,3.111,XT..,0,0,193,12738,11.71,2,0,2
10:21:23.242,cryptomining,3.108,XT..,0,0,195,12870,11.73,2,0,2
10:21:23.469,cryptomining,3.107,XT..,0,0,197,13002,11.74,2,0,2
10:21:23.634,cryptomining,3.112,XT..,0,0,199,13134,11.71,2,0,2
10:21:23.812,cryptomining,3.102,XT..,0,0,201,13266,11.77,2,0,2
10:21:23.986,cryptomining,3.107,XT..,0,0,203,13398,11.75,2,0,2
10:21:24.016,cryptomining,1.780,XT..,0,0,32,2112,2.12,2,0,4097
10:21:24.125,cryptomining,3.112,XT..,0,0,205,13530,11.73,2,0,2
10:21:24.243,cryptomining,3.108,XT..,0,0,207,13662,11.75,2,0,2
10:21:24.424,cryptomining,3.107,XT..,0,0,209,13794,11.76,2,0,2
10:21:24.610,cryptomining,3.114,XT..,0,0,211,13926,11.72,2,0,2
10:21:24.700,cryptomining,3.103,XT..,0,0,213,14058,11.79,2,0,2
10:21:24.936,cryptomining,3.104,XT..,0,0,215,14190,11.79,2,0,2
10:21:25.088,cryptomining,3.112,XT..,0,0,217,14322,11.74,2,0,2
10:21:25.305,cryptomining,3.108,XT..,0,0,219,14454,11.76,2,0,2
10:21:25.528,cryptomining,3.113,XT..,0,0,221,14586,11.73,2,0,2
10:21:25.641,cryptomining,3.129,XT..,0,0,224,14784,11.79,2,0,2
10:21:25.753,cryptomining,3.121,XT..,0,0,226,14916,11.84,2,0,2
10:21:26.078,cryptomining,2.113,XT..,0,0,9,594,0.56,2,0,1
10:21:26.099,cryptomining,3.143,XT..,0,0,228,15048,11.69,2,0,2
10:21:26.259,cryptomining,3.132,XT..,0,0,230,15180,11.75,2,0,2
10:21:26.377,cryptomining,3.127,XT..,0,0,232,15312,11.78,2,0,2
10:21:26.537,cryptomining,3.131,XT..,0,0,234,15444,11.75,2,0,2
10:21:26.712,cryptomining,3.125,XT..,0,0,236,15576,11.79,2,0,2
10:21:26.891,cryptomining,3.133,XT..,0,0,238,15708,11.73,2,0,2
10:21:27.042,cryptomining,1.888,XT..,0,0,35,2310,1.93,2,0,4097
10:21:27.067,cryptomining,3.127,XT..,0,0,240,15840,11.76,2,0,2
10:21:27.203,cryptomining,3.120,XT..,0,0,242,15972,11.80,2,0,2
10:21:27.497,cryptomining,3.136,XT..,0,0,244,16104,11.70,2,0,2
10:21:27.518,cryptomining,2.270,XT..,0,0,14,2637,0.67,2,0,4787
10:21:27.556,cryptomining,3.121,XT..,0,0,246,16236,11.76,2,0,2
10:21:27.795,cryptomining,3.120,XT..,0,0,248,16368,11.76,2,0,2
10:21:27.807,cryptomining,2.076,XT..,0,0,26,4285,1.23,2,0,4787
10:21:28.058,cryptomining,3.122,XT..,0,0,250,16500,11.72,2,0,2
10:21:28.193,cryptomining,3.124,XT..,0,0,252,16632,11.70,2,0,2
10:21:28.303,cryptomining,3.121,XT..,0,0,254,16764,11.72,2,0,2
10:21:28.460,cryptomining,3.122,XT..,0,0,256,16896,11.71,2,0,2
10:21:28.608,cryptomining,3.118,XT..,0,0,258,17028,11.74,2,0,2
10:21:28.720,cryptomining,3.113,XT..,0,0,260,17160,11.77,2,0,2
10:21:29.060,cryptomining,3.117,XT..,0,0,262,17292,11.75,2,0,2
10:21:29.130,cryptomining,3.118,XT..,0,0,264,17424,11.74,2,0,2
10:21:29.324,cryptomining,3.118,XT..,0,0,266,17556,11.74,2,0,2
10:21:29.419,cryptomining,3.114,XT..,0,0,268,17688,11.77,2,0,2
10:21:29.715,cryptomining,3.119,XT..,0,0,270,17820,11.73,2,0,2
10:21:29.939,cryptomining,3.127,XT..,0,0,272,17952,11.68,2,0,2
10:21:30.063,cryptomining,1.959,XT..,0,0,37,2442,1.75,2,0,4097
10:21:30.070,cryptomining,3.122,XT..,0,0,274,18084,11.70,2,0,2
10:21:30.086,cryptomining,2.147,XT..,0,0,11,726,0.55,2,0,1
10:21:30.255,cryptomining,3.115,XT..,0,0,276,18216,11.74,2,0,2
10:21:30.380,cryptomining,3.120,XT..,0,0,278,18348,11.71,2,0,2
10:21:30.553,cryptomining,3.119,XT..,0,0,280,18480,11.71,2,0,2
10:21:30.701,cryptomining,3.115,XT..,0,0,282,18612,11.74,2,0,2
10:21:31.029,cryptomining,3.119,XT..,0,0,284,18744,11.72,2,0,2
10:21:31.100,cryptomining,3.126,XT..,0,0,286,18876,11.67,2,0,2
10:21:31.195,cryptomining,3.119,XT..,0,0,288,19008,11.72,2,0,2
10:21:31.341,cryptomining,3.118,XT..,0,0,290,19140,11.72,2,0,2
10:21:31.536,cryptomining,3.113,XT..,0,0,292,19272,11.75,2,0,2
10:21:31.765,cryptomining,3.113,XT..,0,0,294,19404,11.75,2,0,2
10:21:32.031,cryptomining,3.121,XT..,0,0,296,19536,11.70,2,0,2
10:21:32.144,cryptomining,3.123,XT..,0,0,298,19668,11.68,2,0,2
10:21:32.305,cryptomining,3.123,XT..,0,0,300,19800,11.69,2,0,2
10:21:32.484,cryptomining,3.119,XT..,0,0,302,19932,11.71,2,0,2
10:21:32.716,cryptomining,3.122,XT..,0,0,304,20064,11.68,2,0,2
10:21:32.980,cryptomining,3.131,XT..,0,0,306,20196,11.63,2,0,2
10:21:33.082,cryptomining,2.023,XT..,0,0,40,2640,1.65,2,0,4097
10:21:33.083,cryptomining,3.125,XT..,0,0,308,20328,11.65,2,0,2
10:21:33.268,cryptomining,3.127,XT..,0,0,310,20460,11.64,2,0,2
10:21:34.768,rootkit,0.000,XT..,0,0,1,66,0.00,2,0,2
10:21:34.868,rootkit,0.000,XT..,0,0,3,198,18.94,2,0,2
10:21:35.087,rootkit,0.000,XT..,0,0,5,330,11.69,2,0,2
10:21:35.192,rootkit,0.000,XT..,0,0,7,462,14.24,2,0,2
10:21:35.371,rootkit,0.000,XT..,0,0,9,594,15.13,2,0,2
10:21:35.478,rootkit,0.000,XT..,0,0,11,726,14.43,2,0,2
10:21:35.712,rootkit,0.000,XT..,0,0,13,858,13.64,2,0,2
10:21:36.023,rootkit,0.000,XT..,0,0,15,990,12.12,2,0,2
10:21:36.107,rootkit,0.000,XT..,0,0,5,330,16338.37,2,0,4097
10:21:36.117,rootkit,0.000,XT..,0,0,17,1122,11.73,2,0,2
10:21:36.205,rootkit,0.000,XT..,0,0,19,1254,12.55,2,0,2
10:21:36.309,rootkit,0.000,XT..,0,0,21,1386,12.99,2,0,2
10:21:36.580,rootkit,0.000,XT..,0,0,23,1518,12.61,2,0,2
10:21:36.798,rootkit,0.000,XT..,0,0,25,1650,12.57,2,0,2
10:21:37.069,rootkit,0.000,XT..,0,0,27,1782,11.86,2,0,2
10:21:37.126,rootkit,0.000,XT..,0,0,29,1914,11.87,2,0,2
10:21:37.239,rootkit,0.000,XT..,0,0,31,2046,12.18,2,0,2
10:21:37.522,rootkit,0.000,XT..,0,0,33,2178,12.43,2,0,2
10:21:37.685,rootkit,0.000,XT..,0,0,35,2310,11.96,2,0,2
10:21:37.853,rootkit,0.000,XT..,0,0,37,2442,11.71,2,0,2
10:21:37.995,rootkit,0.000,XT..,0,0,39,2574,12.07,2,0,2
10:21:38.027,rootkit,0.000,XT..,0,0,2,132,447627.57,2,0,4787
10:21:38.092,rootkit,0.000,XT..,0,0,41,2706,11.94,2,0,2
10:21:38.109,rootkit,0.000,XT..,0,0,1,66,0.00,2,0,1
10:21:38.285,rootkit,0.000,XT..,0,0,13,1715,50.23,2,0,4787
10:21:38.362,rootkit,0.000,XT..,0,0,43,2838,11.94,2,0,2
10:21:38.485,rootkit,0.000,XT..,0,0,45,2970,11.79,2,0,2
10:21:38.653,rootkit,0.000,XT..,0,0,47,3102,11.91,2,0,2
10:21:38.951,rootkit,0.000,XT..,0,0,49,3234,12.03,2,0,2
10:21:39.092,rootkit,0.000,XT..,0,0,52,3432,11.73,2,0,2
10:21:39.129,rootkit,0.000,XT..,0,0,7,462,2.31,2,0,4097
10:21:39.355,rootkit,0.000,XT..,0,0,54,3564,11.86,2,0,2
10:21:39.574,rootkit,0.000,XT..,0,0,56,3696,11.61,2,0,2
10:21:39.828,rootkit,0.000,XT..,0,0,58,3828,11.47,2,0,2
10:21:40.076,rootkit,0.000,XT..,0,0,60,3960,11.34,2,0,2
10:21:40.094,rootkit,0.000,XT..,0,0,62,4092,11.41,2,0,2
10:21:40.250,rootkit,0.000,XT..,0,0,64,4224,11.52,2,0,2
10:21:40.425,rootkit,0.000,XT..,0,0,66,4356,11.67,2,0,2
10:21:40.594,rootkit,0.000,XT..,0,0,68,4488,11.52,2,0,2
10:21:40.780,rootkit,0.000,XT..,0,0,70,4620,11.65,2,0,2
10:21:40.900,rootkit,0.000,XT..,0,0,72,4752,11.54,2,0,2
10:21:41.088,rootkit,0.000,XT..,0,0,75,4950,11.72,2,0,2
10:21:41.224,rootkit,0.000,XT..,0,0,77,5082,11.81,2,0,2
10:21:41.348,rootkit,0.000,XT..,0,0,79,5214,11.90,2,0,2
10:21:41.573,rootkit,0.000,XT..,0,0,81,5346,11.80,2,0,2
10:21:41.848,rootkit,0.000,XT..,0,0,83,5478,11.89,2,0,2
10:21:42.002,rootkit,0.000,XT..,0,0,85,5610,11.61,2,0,2
10:21:42.081,rootkit,0.000,XT..,0,0,87,5742,11.79,2,0,2
10:21:42.117,rootkit,0.000,XT..,0,0,3,198,0.75,2,0,1
10:21:42.127,rootkit,3.007,XT..,0,0,89,5874,11.94,2,0,2
10:21:42.150,rootkit,1.840,XT..,0,0,10,660,1.65,2,0,4097
10:21:42.251,rootkit,2.999,XT..,0,0,91,6006,12.05,2,0,2
10:21:42.591,rootkit,2.999,XT..,0,0,93,6138,12.04,2,0,2
10:21:42.728,rootkit,3.035,XT..,0,0,95,6270,11.77,2,0,2
10:21:42.946,rootkit,3.021,XT..,0,0,97,6402,11.85,2,0,2
10:21:43.084,rootkit,3.012,XT..,0,0,99,6534,11.90,2,0,2
10:21:43.245,rootkit,3.005,XT..,0,0,101,6666,11.94,2,0,2
10:21:43.344,rootkit,3.009,XT..,0,0,103,6798,11.91,2,0,2
10:21:43.524,rootkit,2.998,XT..,0,0,105,6930,11.97,2,0,2
10:21:43.628,rootkit,2.998,XT..,0,0,107,7062,11.97,2,0,2
10:21:43.660,rootkit,1.912,XT..,0,0,12,792,1.59,2,0,4097
10:21:43.923,rootkit,3.002,XT..,0,0,109,7194,11.97,2,0,2
10:21:44.026,rootkit,3.009,XT..,0,0,111,7326,11.92,2,0,2
10:21:44.156,rootkit,3.003,XT..,0,0,113,7458,11.97,2,0,2
10:21:44.370,rootkit,3.005,XT..,0,0,115,7590,11.95,2,0,2
10:21:44.556,rootkit,3.014,XT..,0,0,117,7722,11.89,2,0,2
10:21:44.758,rootkit,3.004,XT..,0,0,119,7854,11.96,2,0,2
10:21:44.883,rootkit,3.023,XT..,0,0,121,7986,11.83,2,0,2
10:21:45.047,rootkit,3.013,XT..,0,0,123,8118,11.89,2,0,2
10:21:45.116,rootkit,3.003,XT..,0,0,125,8250,11.96,2,0,2
10:21:45.171,rootkit,1.969,XT..,0,0,14,924,1.54,2,0,4097
10:21:45.231,rootkit,2.989,XT..,0,0,127,8382,12.07,2,0,2
10:21:45.576,rootkit,3.012,XT..,0,0,129,8514,11.92,2,0,2
10:21:45.774,rootkit,3.021,XT..,0,0,131,8646,11.87,2,0,2
10:21:45.850,rootkit,3.012,XT..,0,0,133,8778,11.93,2,0,2
10:21:46.025,rootkit,3.014,XT..,0,0,135,8910,11.91,2,0,2
10:21:46.130,rootkit,1.990,XT..,0,0,5,330,0.62,2,0,1
10:21:46.175,rootkit,3.017,XT..,0,0,137,9042,11.95,2,0,2
10:21:46.381,rootkit,3.020,XT..,0,0,139,9174,11.93,2,0,2
10:21:46.515,rootkit,3.012,XT..,0,0,141,9306,11.99,2,0,2
10:21:46.681,rootkit,3.021,XT..,0,0,143,9438,11.93,2,0,2
10:21:46.683,rootkit,1.991,XT..,0,0,16,1056,1.51,2,0,4097
10:21:46.901,rootkit,3.024,XT..,0,0,145,9570,11.92,2,0,2
10:21:47.058,rootkit,3.030,XT..,0,0,147,9702,11.89,2,0,2
10:21:47.127,rootkit,3.021,XT..,0,0,149,9834,11.95,2,0,2
10:21:47.402,rootkit,3.017,XT..,0,0,151,9966,11.99,2,0,2
10:21:47.589,rootkit,3.041,XT..,0,0,153,10098,11.84,2,0,2
10:21:47.737,rootkit,3.026,XT..,0,0,155,10230,11.94,2,0,2
10:21:47.859,rootkit,3.022,XT..,0,0,157,10362,11.96,2,0,2
10:21:48.033,rootkit,3.029,XT..,0,0,159,10494,11.92,2,0,2
10:21:48.120,rootkit,3.024,XT..,0,0,161,10626,11.96,2,0,2
10:21:48.195,rootkit,1.953,XT..,0,0,22,1452,1.82,2,0,4097
10:21:48.284,rootkit,3.016,XT..,0,0,163,10758,12.02,2,0,2
10:21:48.297,rootkit,2.131,XT..,0,0,13,1715,50.23,2,0,4787
10:21:48.302,rootkit,1.662,XT..,0,0,15,1847,1.46,2,0,4787
10:21:48.444,rootkit,3.036,XT..,0,0,165,10890,12.05,2,0,2
10:21:48.545,rootkit,1.319,XT..,0,0,27,3496,2.57,2,0,4787
10:21:48.616,rootkit,3.053,XT..,0,0,167,11022,12.00,2,0,2
10:21:48.728,rootkit,3.048,XT..,0,0,169,11154,12.05,2,0,2
10:21:48.837,rootkit,3.047,XT..,0,0,171,11286,12.06,2,0,2
10:21:49.103,rootkit,3.052,XT..,0,0,173,11418,12.04,2,0,2
10:21:49.166,rootkit,3.046,XT..,0,0,175,11550,12.09,2,0,2
10:21:49.273,rootkit,3.039,XT..,0,0,177,11682,12.14,2,0,2
10:21:49.441,rootkit,3.045,XT..,0,0,179,11814,12.11,2,0,2
10:21:49.691,rootkit,3.043,XT..,0,0,181,11946,12.14,2,0,2
10:21:49.704,rootkit,1.945,XT..,0,0,25,1650,1.84,2,0,4097
10:21:49.881,rootkit,3.050,XT..,0,0,183,12078,12.10,2,0,2
10:21:50.026,rootkit,3.059,XT..,0,0,185,12210,12.05,2,0,2
10:21:50.109,rootkit,3.048,XT..,0,0,187,12342,12.13,2,0,2
10:21:50.139,rootkit,2.047,XT..,0,0,7,462,0.58,2,0,1
10:21:50.241,rootkit,3.041,XT..,0,0,189,12474,12.21,2,0,2
10:21:50.638,rootkit,3.064,XT..,0,0,191,12606,12.07,2,0,2
10:21:50.748,rootkit,3.066,XT..,0,0,193,12738,12.06,2,0,2
10:21:50.968,rootkit,3.072,XT..,0,0,195,12870,12.03,2,0,2
10:21:51.106,rootkit,3.073,XT..,0,0,197,13002,12.03,2,0,2
10:21:51.213,rootkit,1.974,XT..,0,0,28,1848,1.85,2,0,4097
10:21:51.362,rootkit,3.078,XT..,0,0,199,13134,11.99,2,0,2
10:21:51.578,rootkit,3.085,XT..,0,0,201,13266,11.94,2,0,2
10:21:51.684,rootkit,3.083,XT..,0,0,203,13398,11.96,2,0,2
10:21:51.948,rootkit,3.091,XT..,0,0,205,13530,11.92,2,0,2
10:21:52.113,rootkit,3.096,XT..,0,0,207,13662,11.89,2,0,2
10:21:52.243,rootkit,3.091,XT..,0,0,209,13794,11.92,2,0,2
10:21:52.430,rootkit,3.087,XT..,0,0,211,13926,11.94,2,0,2
10:21:52.574,rootkit,3.086,XT..,0,0,213,14058,11.95,2,0,2
10:21:52.646,rootkit,3.082,XT..,0,0,215,14190,11.98,2,0,2
10:21:52.722,rootkit,1.996,XT..,0,0,31,2046,1.87,2,0,4097
10:21:52.923,rootkit,3.081,XT..,0,0,217,14322,11.98,2,0,2
10:21:53.073,rootkit,3.092,XT..,0,0,219,14454,11.91,2,0,2
10:21:53.143,rootkit,3.085,XT..,0,0,221,14586,11.96,2,0,2
10:21:53.400,rootkit,3.081,XT..,0,0,223,14718,11.99,2,0,2
10:21:53.537,rootkit,3.092,XT..,0,0,225,14850,11.92,2,0,2
10:21:53.641,rootkit,3.081,XT..,0,0,227,14982,11.99,2,0,2
10:21:53.756,rootkit,3.075,XT..,0,0,229,15114,12.03,2,0,2
10:21:54.027,rootkit,3.078,XT..,0,0,231,15246,12.01,2,0,2
10:21:54.143,rootkit,3.087,XT..,0,0,233,15378,11.96,2,0,2
10:21:54.149,rootkit,2.150,XT..,0,0,9,594,0.56,2,0,1
10:21:54.232,rootkit,1.984,XT..,0,0,35,2310,1.93,2,0,4097
10:21:54.253,rootkit,3.077,XT..,0,0,235,15510,12.02,2,0,2
10:21:54.355,rootkit,3.071,XT..,0,0,237,15642,12.06,2,0,2
10:21:54.498,rootkit,3.074,XT..,0,0,239,15774,12.05,2,0,2
10:21:54.647,rootkit,3.069,XT..,0,0,241,15906,12.09,2,0,2
10:21:54.885,rootkit,3.077,XT..,0,0,243,16038,12.04,2,0,2
10:21:55.033,rootkit,3.071,XT..,0,0,245,16170,12.08,2,0,2
10:21:55.192,rootkit,3.075,XT..,0,0,247,16302,12.06,2,0,2
10:21:55.311,rootkit,3.072,XT..,0,0,249,16434,12.09,2,0,2
10:21:55.498,rootkit,3.078,XT..,0,0,251,16566,12.06,2,0,2
10:21:55.672,rootkit,3.073,XT..,0,0,253,16698,12.09,2,0,2
10:21:55.739,rootkit,2.008,XT..,0,0,37,2442,1.88,2,0,4097
10:21:55.894,rootkit,3.077,XT..,0,0,255,16830,12.06,2,0,2
10:21:56.060,rootkit,3.082,XT..,0,0,257,16962,12.03,2,0,2
10:21:56.147,rootkit,3.079,XT..,0,0,259,17094,12.06,2,0,2
10:21:56.368,rootkit,3.075,XT..,0,0,261,17226,12.08,2,0,2
10:21:56.477,rootkit,3.077,XT..,0,0,263,17358,12.08,2,0,2
10:21:56.642,rootkit,3.078,XT..,0,0,265,17490,12.08,2,0,2
10:21:56.977,rootkit,3.078,XT..,0,0,267,17622,12.08,2,0,2
10:21:57.079,rootkit,3.088,XT..,0,0,269,17754,12.02,2,0,2
10:21:57.191,rootkit,3.083,XT..,0,0,271,17886,12.05,2,0,2
10:21:57.251,rootkit,2.038,XT..,0,0,39,2574,1.84,2,0,4097
10:21:57.309,rootkit,3.077,XT..,0,0,273,18018,12.08,2,0,2
10:21:57.381,rootkit,3.074,XT..,0,0,275,18150,12.10,2,0,2
10:21:57.584,rootkit,3.070,XT..,0,0,277,18282,12.13,2,0,2
10:21:57.803,rootkit,3.076,XT..,0,0,279,18414,12.10,2,0,2
10:21:57.972,rootkit,3.081,XT..,0,0,281,18546,12.07,2,0,2
10:21:58.130,rootkit,3.077,XT..,0,0,283,18678,12.10,2,0,2
10:21:58.155,rootkit,2.202,XT..,0,0,11,726,0.55,2,0,1
10:21:58.250,rootkit,3.077,XT..,0,0,285,18810,12.10,2,0,2
10:21:58.409,rootkit,3.076,XT..,0,0,287,18942,12.11,2,0,2
10:21:58.581,rootkit,3.077,XT..,0,0,289,19074,12.11,2,0,2
10:21:58.749,rootkit,3.074,XT..,0,0,291,19206,12.13,2,0,2
10:21:58.761,rootkit,2.029,XT..,0,0,42,2772,1.85,2,0,4097
10:21:59.034,rootkit,3.082,XT..,0,0,293,19338,12.08,2,0,2
10:21:59.064,rootkit,1.400,XT..,0,0,27,3496,2.57,2,0,4787
10:21:59.076,rootkit,1.862,XT..,0,0,28,3562,1.33,2,0,4787
10:21:59.185,rootkit,3.101,XT..,0,0,295,19470,12.03,2,0,2
10:21:59.236,rootkit,3.092,XT..,0,0,297,19602,12.09,2,0,2
10:21:59.346,rootkit,1.691,XT..,0,0,39,5145,1.83,2,0,4787
10:21:59.362,rootkit,3.089,XT..,0,0,299,19734,12.12,2,0,2
10:21:59.551,rootkit,3.091,XT..,0,0,301,19866,12.12,2,0,2
10:21:59.803,rootkit,3.089,XT..,0,0,303,19998,12.14,2,0,2
10:21:59.950,rootkit,3.094,XT..,0,0,305,20130,12.11,2,0,2
10:22:00.141,rootkit,3.100,XT..,0,0,307,20262,12.07,2,0,2
10:22:00.257,rootkit,3.099,XT..,0,0,309,20394,12.09,2,0,2
10:22:00.271,rootkit,2.025,XT..,0,0,45,2970,1.86,2,0,4097
10:22:00.361,rootkit,3.091,XT..,0,0,311,20526,12.13,2,0,2
10:22:00.596,rootkit,3.089,XT..,0,0,313,20658,12.15,2,0,2
10:22:00.830,rootkit,3.101,XT..,0,0,315,20790,12.08,2,0,2
10:22:01.018,rootkit,3.106,XT..,0,0,317,20922,12.05,2,0,2
10:22:01.139,rootkit,3.103,XT..,0,0,319,21054,12.07,2,0,2
10:22:01.228,rootkit,3.101,XT..,0,0,321,21186,12.09,2,0,2
10:22:01.439,rootkit,3.098,XT..,0,0,323,21318,12.11,2,0,2
10:22:01.621,rootkit,3.104,XT..,0,0,325,21450,12.08,2,0,2
10:22:01.789,rootkit,3.102,XT..,0,0,327,21582,12.09,2,0,2
10:22:02.137,rootkit,3.115,XT..,0,0,329,21714,12.01,2,0,2
10:22:02.163,rootkit,2.247,XT..,0,0,13,858,0.54,2,0,1
10:22:02.192,rootkit,3.110,XT..,0,0,331,21846,12.03,2,0,2
10:22:02.259,rootkit,3.104,XT..,0,0,333,21978,12.07,2,0,2
10:22:02.478,rootkit,3.102,XT..,0,0,335,22110,12.09,2,0,2
10:22:02.717,rootkit,3.108,XT..,0,0,337,22242,12.05,2,0,2
10:22:02.949,rootkit,3.113,XT..,0,0,339,22374,12.02,2,0,2
10:22:03.070,rootkit,3.114,XT..,0,0,341,22506,12.02,2,0,2
10:22:03.155,rootkit,3.111,XT..,0,0,343,22638,12.04,2,0,2
10:22:03.290,rootkit,2.090,XT..,0,0,48,3168,1.77,2,0,4097
10:22:03.436,rootkit,3.102,XT..,0,0,345,22770,12.08,2,0,2
10:22:03.580,rootkit,3.109,XT..,0,0,347,22902,12.04,2,0,2
10:22:03.825,rootkit,3.115,XT..,0,0,349,23034,12.01,2,0,2
10:22:04.051,rootkit,3.120,XT..,0,0,351,23166,11.98,2,0,2
10:22:04.144,rootkit,3.122,XT..,0,0,353,23298,11.97,2,0,2
10:22:04.168,rootkit,2.252,XT..,0,0,15,990,0.58,2,0,1
10:22:04.257,rootkit,3.113,XT..,0,0,355,23430,12.01,2,0,2
10:22:04.430,rootkit,3.110,XT..,0,0,357,23562,12.03,2,0,2
10:22:04.599,rootkit,3.114,XT..,0,0,359,23694,12.01,2,0,2
10:22:04.663,rootkit,3.110,XT..,0,0,361,23826,12.03,2,0,2
10:22:04.800,rootkit,2.093,XT..,0,0,50,3300,1.74,2,0,4097
10:22:05.001,rootkit,3.113,XT..,0,0,363,23958,12.01,2,0,2
10:22:05.104,rootkit,3.114,XT..,0,0,365,24090,12.00,2,0,2
10:22:05.174,rootkit,3.110,XT..,0,0,367,24222,12.03,2,0,2
10:22:05.271,rootkit,3.104,XT..,0,0,369,24354,12.07,2,0,2
10:22:05.578,rootkit,3.104,XT..,0,0,371,24486,12.06,2,0,2
10:22:05.755,rootkit,3.110,XT..,0,0,373,24618,12.03,2,0,2
10:22:05.981,rootkit,3.114,XT..,0,0,375,24750,12.01,2,0,2
10:22:06.060,rootkit,3.115,XT..,0,0,377,24882,12.01,2,0,2
10:22:06.160,rootkit,3.111,XT..,0,0,379,25014,12.03,2,0,2
10:22:06.310,rootkit,2.094,XT..,0,0,54,3564,1.79,2,0,4097
10:22:06.319,rootkit,3.106,XT..,0,0,381,25146,12.05,2,0,2
